City_ID,City,Country,Date,Lat,Long,Max Temp,Humidity,Cloudiness,Wind Speed
0,Bluff,NZ,2022-07-18 21:51:00,-46.6,168.3333,44.8,75,100,15.37
1,Payakumbuh,ID,2022-07-18 21:51:01,-0.2202,100.6308,69.53,95,26,2.48
2,Rikitea,PF,2022-07-18 21:51:01,-23.1203,-134.9692,74.71,76,17,12.08
3,Busselton,AU,2022-07-18 21:51:02,-33.65,115.3333,50.29,86,0,8.68
4,Northport,US,2022-07-18 21:51:02,33.229,-87.5772,91.22,46,0,6.91
5,Lorengau,PG,2022-07-18 21:51:03,-2.0226,147.2712,81.86,75,96,4.68
6,Srednekolymsk,RU,2022-07-18 21:51:03,67.45,153.6833,65.52,46,97,7.92
7,Katsuura,JP,2022-07-18 21:51:04,35.1333,140.3,79.21,88,100,19.98
8,Chokurdakh,RU,2022-07-18 21:51:04,70.6333,147.9167,43.07,67,80,13.11
9,Torbay,CA,2022-07-18 21:50:32,47.6666,-52.7314,74.17,65,75,14.97
10,Boksitogorsk,RU,2022-07-18 21:51:05,59.474,33.8485,46.6,98,13,3.44
11,Kirillov,RU,2022-07-18 21:51:06,59.863,38.3813,55.8,81,100,4.45
12,Yellowknife,CA,2022-07-18 21:51:06,62.456,-114.3525,72.12,56,40,9.22
13,Mataura,NZ,2022-07-18 21:51:07,-46.1927,168.8643,44.47,97,100,1.03
14,Atuona,PF,2022-07-18 21:51:07,-9.8,-139.0333,77.88,66,55,17.27
15,Geraldton,AU,2022-07-18 21:51:08,-28.7667,114.6,55.81,88,100,11.5
16,Taoudenni,ML,2022-07-18 21:51:08,22.6783,-3.9836,100.26,6,0,6.04
17,Tasiilaq,GL,2022-07-18 21:51:09,65.6145,-37.6368,39.16,83,53,1.81
18,Punta Arenas,CL,2022-07-18 21:53:22,-53.15,-70.9167,41.11,75,75,29.93
19,Wisconsin Rapids,US,2022-07-18 21:51:10,44.3836,-89.8174,91.69,55,20,10.36
20,Lebu,CL,2022-07-18 21:51:10,-37.6167,-73.65,45.73,74,91,5.64
21,Hermiston,US,2022-07-18 21:51:10,45.8404,-119.2895,85.8,27,0,9.22
22,New Norfolk,AU,2022-07-18 21:51:11,-42.7826,147.0587,42.93,87,83,2.91
23,Itarema,BR,2022-07-18 21:51:11,-2.9248,-39.9167,78.24,71,23,15.77
24,Barrow,US,2022-07-18 21:51:12,71.2906,-156.7887,44.62,76,100,26.46
25,Jibuti,DJ,2022-07-18 21:48:08,11.5,42.5,89.67,33,84,3.38
26,Vila Velha,BR,2022-07-18 21:53:24,-20.3297,-40.2925,75.15,83,0,6.91
27,Albany,US,2022-07-18 21:49:34,42.6001,-73.9662,77.65,87,100,1.01
28,Yelizovo,RU,2022-07-18 21:51:14,53.1873,158.3805,55.54,100,100,4.47
29,San Pedro,PH,2022-07-18 21:53:26,14.35,121.0167,78.31,91,40,1.14
30,Orasac,BA,2022-07-18 21:51:14,44.6289,16.0711,61.75,46,0,1.63
31,Vaini,TO,2022-07-18 21:51:15,-21.2,-175.2,75.36,88,75,10.36
32,Upernavik,GL,2022-07-18 21:51:15,72.7868,-56.1549,43.92,75,100,0.38
33,Ushuaia,AR,2022-07-18 21:51:16,-54.8,-68.3,44.26,53,40,11.5
34,Coihueco,CL,2022-07-18 21:51:17,-36.6167,-71.8333,52.54,66,0,4.61
35,Carnarvon,AU,2022-07-18 21:51:17,-24.8667,113.6333,61.05,67,0,14.23
36,Georgetown,MY,2022-07-18 21:51:18,5.4112,100.3354,82.33,89,40,0.0
37,Tezu,IN,2022-07-18 21:53:28,27.9167,96.1667,75.69,99,100,1.83
38,Along,IN,2022-07-18 21:53:28,28.1667,94.7667,75.38,100,100,0.85
39,Ocos,GT,2022-07-18 21:53:29,14.5094,-92.1933,85.33,69,41,6.13
40,Tiksi,RU,2022-07-18 21:53:29,71.6872,128.8694,34.81,94,100,16.75
41,Kushmurun,KZ,2022-07-18 21:53:30,52.4503,64.6311,65.73,83,0,4.43
42,Ostrovnoy,RU,2022-07-18 21:53:30,68.0531,39.5131,53.62,88,6,9.01
43,Bredasdorp,ZA,2022-07-18 21:53:31,-34.5322,20.0403,54.28,85,100,2.04
44,Namibe,AO,2022-07-18 21:53:31,-15.1961,12.1522,65.52,84,72,4.18
45,Saskylakh,RU,2022-07-18 21:53:31,71.9167,114.0833,44.58,77,100,12.86
46,Hermanus,ZA,2022-07-18 21:54:32,-34.4187,19.2345,53.8,83,99,4.34
47,Vila Franca Do Campo,PT,2022-07-18 21:54:32,37.7167,-25.4333,70.21,90,38,2.04
48,Makakilo City,US,2022-07-18 21:54:33,21.3469,-158.0858,86.32,64,75,16.11
49,Guerrero Negro,MX,2022-07-18 21:54:33,27.9769,-114.0611,82.74,47,3,12.73
50,Port Alfred,ZA,2022-07-18 21:54:34,-33.5906,26.891,64.9,57,86,8.81
51,Cape Town,ZA,2022-07-18 21:52:53,-33.9258,18.4232,56.91,80,0,7.0
52,Ilulissat,GL,2022-07-18 21:54:35,69.2167,-51.1,45.77,73,12,6.82
53,Gizo,SB,2022-07-18 21:54:35,-8.103,156.8419,82.58,68,77,5.79
54,Seymchan,RU,2022-07-18 21:54:36,62.8833,152.4333,72.72,60,62,3.69
55,Neiafu,TO,2022-07-18 21:54:36,-18.65,-173.9833,79.48,73,40,12.66
56,Deputatskiy,RU,2022-07-18 21:54:37,69.3,139.9,41.94,87,100,4.05
57,Los Llanos De Aridane,ES,2022-07-18 21:54:37,28.6585,-17.9182,69.55,93,0,18.41
58,Hobart,AU,2022-07-18 21:54:37,-42.8794,147.3294,43.27,85,75,8.05
59,Qaanaaq,GL,2022-07-18 21:54:38,77.484,-69.3632,45.82,56,0,4.56
60,Luderitz,NA,2022-07-18 21:54:38,-26.6481,15.1594,57.54,85,0,13.0
61,Fortuna,US,2022-07-18 21:54:08,40.5982,-124.1573,73.85,66,18,5.01
62,Mount Isa,AU,2022-07-18 21:54:39,-20.7333,139.5,53.37,50,0,9.22
63,Kaitangata,NZ,2022-07-18 21:54:40,-46.2817,169.8464,46.06,92,100,8.43
64,Kristinehamn,SE,2022-07-18 21:54:40,59.3098,14.1081,61.36,90,76,4.72
65,Abu Samrah,SY,2022-07-18 21:54:40,35.3029,37.1841,80.69,47,0,8.01
66,Pangnirtung,CA,2022-07-18 21:54:41,66.1451,-65.7125,44.6,81,75,14.97
67,Gushikawa,JP,2022-07-18 21:54:41,26.3544,127.8686,83.79,84,40,6.91
68,Chicama,PE,2022-07-18 21:54:42,-7.8447,-79.1469,59.54,67,28,7.85
69,Igarka,RU,2022-07-18 21:54:42,67.4667,86.5833,53.8,70,100,6.89
70,Ribeira Grande,PT,2022-07-18 21:54:43,38.5167,-28.7,73.02,90,23,6.31
71,Port Elizabeth,ZA,2022-07-18 21:54:43,-33.918,25.5701,63.32,90,75,3.44
72,Luau,AO,2022-07-18 21:54:44,-10.7073,22.2247,61.39,40,12,7.23
73,Vanino,RU,2022-07-18 21:54:44,49.0869,140.2543,55.99,99,100,2.13
74,Saldanha,ZA,2022-07-18 21:54:45,-33.0117,17.9442,50.05,79,0,11.16
75,Tuktoyaktuk,CA,2022-07-18 21:54:45,69.4541,-133.0374,62.6,82,100,11.5
76,Kapaa,US,2022-07-18 21:54:46,22.0752,-159.319,84.52,76,75,21.85
77,Iqaluit,CA,2022-07-18 21:54:46,63.7506,-68.5145,42.53,86,75,8.05
78,Aguimes,ES,2022-07-18 21:54:47,27.9054,-15.4461,70.43,73,20,27.63
79,Ust-Koksa,RU,2022-07-18 21:54:47,50.2696,85.6108,43.66,89,37,1.39
80,Mar Del Plata,AR,2022-07-18 21:54:48,-38.0023,-57.5575,48.87,78,0,8.01
81,Provideniya,RU,2022-07-18 21:54:48,64.3833,-173.3,42.91,81,100,13.42
82,Pisco,PE,2022-07-18 21:54:49,-13.7,-76.2167,64.45,72,0,8.05
83,Avarua,CK,2022-07-18 21:54:49,-21.2078,-159.775,75.25,73,40,5.75
84,Brae,GB,2022-07-18 21:54:50,60.3964,-1.353,55.54,87,72,7.4
85,Pevek,RU,2022-07-18 21:54:50,69.7008,170.3133,33.04,80,100,2.53
86,Maceio,BR,2022-07-18 21:54:50,-9.6658,-35.7353,78.24,78,40,9.22
87,Arraial Do Cabo,BR,2022-07-18 21:54:51,-22.9661,-42.0278,71.46,88,20,4.61
88,Sao Filipe,CV,2022-07-18 21:54:51,14.8961,-24.4956,75.97,81,20,10.42
89,Faro,PT,2022-07-18 21:54:52,37.0194,-7.9322,76.78,44,0,9.22
90,Bethel,US,2022-07-18 21:53:38,41.3712,-73.414,77.54,92,75,9.22
91,Kodiak,US,2022-07-18 21:54:52,57.79,-152.4072,56.32,77,95,6.96
92,Yarmouth,US,2022-07-18 21:55:53,41.7057,-70.2286,76.96,95,100,9.22
93,Guaruja,BR,2022-07-18 21:54:14,-23.9931,-46.2564,67.86,94,100,3.44
94,Roald,NO,2022-07-18 21:55:54,62.5833,6.1333,58.75,76,75,9.22
95,Tual,ID,2022-07-18 21:55:54,-5.6667,132.75,79.54,81,34,19.51
96,Beloha,MG,2022-07-18 21:55:55,-25.1667,45.05,63.1,82,0,10.27
97,Hasaki,JP,2022-07-18 21:55:55,35.7333,140.8333,81.0,85,100,13.22
98,Abu Dhabi,AE,2022-07-18 21:52:19,24.4667,54.3667,96.91,59,0,4.61
99,Ketchikan,US,2022-07-18 21:55:56,55.3422,-131.6461,59.47,81,97,6.64
100,Jamestown,US,2022-07-18 21:53:05,42.097,-79.2353,74.95,85,100,13.8
101,Asau,RO,2022-07-18 21:55:57,46.4333,26.4,60.96,77,94,3.15
102,Nikolskoye,RU,2022-07-18 21:55:58,59.7035,30.7861,56.8,92,49,4.52
103,Saint-Philippe,RE,2022-07-18 21:55:58,-21.3585,55.7679,69.39,84,63,17.92
104,Cabo San Lucas,MX,2022-07-18 21:55:58,22.8909,-109.9124,91.18,64,11,11.1
105,Samarai,PG,2022-07-18 21:55:59,-10.6167,150.6667,79.74,83,22,8.88
106,Alofi,NU,2022-07-18 21:55:59,-19.0595,-169.9187,76.89,73,75,14.97
107,Camana,PE,2022-07-18 21:56:00,-16.6228,-72.7111,62.69,78,73,8.48
108,Nemuro,JP,2022-07-18 21:56:00,43.3236,145.575,60.48,99,100,6.71
109,Launceston,AU,2022-07-18 21:56:01,-41.45,147.1667,32.14,90,100,3.44
110,Coquimbo,CL,2022-07-18 21:56:01,-29.9533,-71.3436,58.73,77,0,8.05
111,Blagoveshchenka,RU,2022-07-18 21:56:02,52.8333,79.8667,54.61,83,26,7.02
112,Tommot,RU,2022-07-18 21:56:02,58.9564,126.2925,67.15,88,64,1.5
113,Mehamn,NO,2022-07-18 21:56:03,71.0357,27.8492,58.95,72,0,4.61
114,Nishihara,JP,2022-07-18 21:56:03,26.1842,127.7558,83.68,89,75,11.5
115,Puerto Ayora,EC,2022-07-18 21:56:04,-0.7393,-90.3518,76.96,90,96,5.99
116,San Vicente,AR,2022-07-18 21:56:04,-26.6167,-54.1333,55.44,98,100,1.41
117,Souillac,MU,2022-07-18 21:56:05,-20.5167,57.5167,66.58,88,40,17.27
118,Khatanga,RU,2022-07-18 21:56:05,71.9667,102.5,52.84,75,100,1.59
119,Dingle,PH,2022-07-18 21:56:06,10.9995,122.6711,75.0,96,100,5.93
120,Hauterive,FR,2022-07-18 21:56:06,46.0901,3.4459,74.16,45,0,2.62
121,Bani,DO,2022-07-18 21:53:25,18.2833,-70.3333,81.86,63,6,13.69
122,Nanzhou,CN,2022-07-18 21:56:07,29.3596,112.4024,77.59,93,100,4.07
123,Ngunguru,NZ,2022-07-18 21:56:07,-35.6167,174.5,60.64,81,89,16.4
124,Abonnema,NG,2022-07-18 21:56:08,4.7084,6.7931,75.06,79,97,5.19
125,Dikson,RU,2022-07-18 21:56:08,73.5069,80.5464,43.18,82,99,12.64
126,Buchanan,LR,2022-07-18 21:56:09,5.8808,-10.0467,75.56,79,97,12.57
127,Asfi,MA,2022-07-18 21:56:09,32.2994,-9.2372,70.5,83,1,17.69
128,San Jose,US,2022-07-18 21:53:48,37.3394,-121.895,99.84,38,0,11.5
129,Nanortalik,GL,2022-07-18 21:56:10,60.1432,-45.2371,46.24,82,86,3.06
130,Balkanabat,TM,2022-07-18 21:56:10,39.5108,54.3671,96.62,11,0,11.65
131,Hilo,US,2022-07-18 21:56:11,19.7297,-155.09,90.28,80,56,3.0
132,Bambous Virieux,MU,2022-07-18 21:56:11,-20.3428,57.7575,67.21,88,40,17.27
133,Wenchi,GH,2022-07-18 21:56:12,7.7392,-2.1046,70.23,90,57,6.15
134,Sakaiminato,JP,2022-07-18 21:56:12,35.55,133.2333,78.73,94,75,8.05
135,Namatanai,PG,2022-07-18 21:56:13,-3.6667,152.4333,81.88,73,96,8.3
136,Kropotkin,RU,2022-07-18 21:56:14,45.4375,40.5756,69.84,32,33,7.45
137,Parrita,CR,2022-07-18 21:56:14,9.5201,-84.3225,79.93,85,95,1.14
138,Hithadhoo,MV,2022-07-18 21:57:15,-0.6,73.0833,81.37,76,100,11.12
139,Hofn,IS,2022-07-18 21:57:15,64.2539,-15.2082,50.88,83,77,9.26
140,Ulu-Telyak,RU,2022-07-18 21:57:16,54.9086,56.9669,63.75,78,77,5.32
141,Cherskiy,RU,2022-07-18 21:57:16,68.75,161.3,58.77,47,58,9.8
142,Praia Da Vitoria,PT,2022-07-18 21:57:17,38.7333,-27.0667,73.76,88,75,8.43
143,Victoria,HK,2022-07-18 21:57:17,22.2855,114.1577,87.85,84,100,8.99
144,Port Hedland,AU,2022-07-18 21:57:18,-20.3167,118.5667,55.45,88,3,6.91
145,Galveston,US,2022-07-18 21:57:18,29.3669,-94.9669,98.19,65,2,5.01
146,Asyut,EG,2022-07-18 21:57:19,27.181,31.1837,86.18,20,24,7.7
147,Sioux Lookout,CA,2022-07-18 21:57:19,50.1001,-91.917,84.27,51,75,6.91
148,Sault Sainte Marie,CA,2022-07-18 21:54:51,46.5168,-84.3333,88.09,40,0,13.8
149,Isangel,VU,2022-07-18 21:57:20,-19.55,169.2667,78.91,83,75,0.0
150,Domoni,KM,2022-07-18 21:57:21,-12.2569,44.5319,73.29,77,29,5.61
151,Maniitsoq,GL,2022-07-18 21:57:21,65.4167,-52.9,44.17,91,100,3.8
152,Mayo,US,2022-07-18 21:57:22,38.8876,-76.5119,91.51,75,97,4.0
153,Grand-Lahou,CI,2022-07-18 21:57:23,5.1367,-5.0242,74.73,78,48,8.88
154,Chuy,UY,2022-07-18 21:57:23,-33.6971,-53.4616,48.24,82,2,2.37
155,San Andres,CO,2022-07-18 21:57:24,12.5847,-81.7006,86.02,79,100,14.97
156,Manzil Kamil,TN,2022-07-18 21:57:24,35.6248,10.6673,80.04,74,0,6.91
157,East London,ZA,2022-07-18 21:57:25,-33.0153,27.9116,68.97,35,8,8.97
158,Kaoma,ZM,2022-07-18 21:57:25,-14.7833,24.8,50.38,70,34,6.58
159,Palu,ID,2022-07-18 21:57:26,-0.8917,119.8707,74.71,90,98,3.27
160,Verkhoyansk,RU,2022-07-18 21:57:26,67.5447,133.385,58.78,86,80,6.87
161,Nantucket,US,2022-07-18 21:57:27,41.2835,-70.0995,75.99,97,100,11.5
162,Sao Jose De Piranhas,BR,2022-07-18 21:57:27,-7.1206,-38.5019,75.2,43,6,4.99
163,Comodoro Rivadavia,AR,2022-07-18 21:57:08,-45.8667,-67.5,48.06,46,0,23.02
164,Alekseyevsk,RU,2022-07-18 21:57:28,57.8406,108.3492,59.4,78,55,3.11
165,Lavrentiya,RU,2022-07-18 21:57:28,65.5833,-171.0,36.3,90,99,13.96
166,Sitka,US,2022-07-18 21:57:29,57.0531,-135.33,56.35,83,100,4.27
167,Tayu,ID,2022-07-18 21:57:29,-6.5397,111.0518,74.97,87,99,7.81
168,San Patricio,US,2022-07-18 21:56:20,28.017,-97.5169,98.19,47,57,16.64
169,Thompson,CA,2022-07-18 21:57:30,55.7435,-97.8558,73.56,56,40,4.61
170,Faya,SA,2022-07-18 21:57:30,18.3851,42.4509,69.91,38,51,3.94
171,Uzhur,RU,2022-07-18 21:57:31,55.3036,89.8339,54.05,91,99,13.11
172,Celestun,MX,2022-07-18 21:57:31,20.8667,-90.4,86.07,69,44,13.82
173,Aklavik,CA,2022-07-18 21:57:32,68.2191,-135.0107,67.8,58,100,13.04
174,Kodinsk,RU,2022-07-18 21:57:32,58.6881,99.1844,51.03,97,38,4.47
175,Salalah,OM,2022-07-18 21:57:33,17.0151,54.0924,77.11,94,100,3.83
176,Sao Felix Do Xingu,BR,2022-07-18 21:57:33,-6.6447,-51.995,79.48,45,25,0.96
177,Merauke,ID,2022-07-18 21:57:34,-8.4667,140.3333,76.5,87,85,11.68
178,Tveit,NO,2022-07-18 21:57:35,58.2337,8.122,67.77,56,69,4.61
179,Beian,NO,2022-07-18 21:57:35,63.6559,9.5683,53.69,82,75,11.5
180,Icod De Los Vinos,ES,2022-07-18 21:58:35,28.3724,-16.7119,75.67,87,11,13.15
181,Mogadishu,SO,2022-07-18 21:58:36,2.0371,45.3438,75.49,82,85,20.0
182,Saint-Pierre,RE,2022-07-18 21:57:01,-21.3393,55.4781,69.48,65,0,26.46
183,Berlevag,NO,2022-07-18 21:58:37,70.8578,29.0864,59.0,72,20,4.61
184,Ojinaga,MX,2022-07-18 21:58:20,29.5667,-104.4167,107.56,21,0,8.05
185,Trinidad,BO,2022-07-18 21:58:37,-14.8333,-64.9,84.18,58,46,0.0
186,Karratha,AU,2022-07-18 21:58:38,-20.7377,116.8463,66.78,68,2,6.13
187,Sarangani,PH,2022-07-18 21:58:38,5.4033,125.4636,81.21,75,100,7.83
188,Petropavlovsk-Kamchatskiy,RU,2022-07-18 21:58:39,53.0452,158.6483,54.19,100,100,4.47
189,Kokemaki,FI,2022-07-18 21:58:39,61.2565,22.3564,53.38,89,94,1.39
190,Baruun-Urt,MN,2022-07-18 21:58:40,46.6806,113.2792,63.61,47,0,3.53
191,Cidreira,BR,2022-07-18 21:55:31,-30.1811,-50.2056,57.27,92,0,4.38
192,Santa Vitoria Do Palmar,BR,2022-07-18 21:58:40,-33.5189,-53.3681,48.15,81,12,1.74
193,Marovoay,MG,2022-07-18 21:58:41,-16.1,46.6333,65.03,70,2,7.11
194,Vallenar,CL,2022-07-18 21:58:41,-28.5708,-70.7581,67.5,30,0,2.73
195,Rio Gallegos,AR,2022-07-18 21:58:42,-51.6226,-69.2181,39.25,70,0,10.36
196,Rapina,EE,2022-07-18 21:58:42,58.0981,27.4636,54.43,87,98,5.77
197,Sagua La Grande,CU,2022-07-18 21:58:43,22.8067,-80.0756,86.4,64,51,13.35
198,Douentza,ML,2022-07-18 21:58:43,14.9951,-2.9517,92.53,39,62,2.55
199,Cayenne,GF,2022-07-18 21:58:44,4.9333,-52.3333,82.09,1,75,4.61
200,Mahebourg,MU,2022-07-18 21:57:05,-20.4081,57.7,67.24,88,40,17.27
201,Gotsu,JP,2022-07-18 21:58:44,35.0,132.2167,77.97,91,100,14.41
202,Letka,RU,2022-07-18 21:58:45,59.6011,49.4232,62.33,99,100,4.81
203,Shenjiamen,CN,2022-07-18 21:58:45,29.9576,122.298,77.0,96,100,2.01
204,Qaqortoq,GL,2022-07-18 21:58:46,60.7167,-46.0333,47.53,78,100,3.96
205,Havoysund,NO,2022-07-18 21:58:46,70.9963,24.6622,53.83,97,96,7.58
206,Kahului,US,2022-07-18 21:58:47,20.8947,-156.47,84.97,81,11,18.01
207,Kirakira,SB,2022-07-18 21:58:47,-10.4544,161.9205,81.79,76,16,6.91
208,Vanimo,PG,2022-07-18 21:58:47,-2.6741,141.3028,77.27,88,89,2.98
209,Lompoc,US,2022-07-18 21:58:48,34.6391,-120.4579,90.79,54,17,7.0
210,Araguaina,BR,2022-07-18 21:58:48,-7.1911,-48.2072,82.53,35,15,4.94
211,Tuatapere,NZ,2022-07-18 21:58:49,-46.1333,167.6833,44.85,91,100,3.47
212,Bathsheba,BB,2022-07-18 21:58:49,13.2167,-59.5167,84.81,84,40,20.71
213,Narsaq,GL,2022-07-18 21:58:50,60.9167,-46.05,49.8,71,100,2.91
214,Nizhnevartovsk,RU,2022-07-18 21:58:50,60.9344,76.5531,55.42,94,0,4.47
215,Poum,NC,2022-07-18 21:58:51,-20.2333,164.0167,73.92,87,56,8.3
216,Sajanan,TN,2022-07-18 21:58:51,37.0573,9.2426,85.12,40,0,11.72
217,Katherine,AU,2022-07-18 21:58:51,-14.4667,132.2667,57.52,77,37,4.61
218,Faanui,PF,2022-07-18 21:58:52,-16.4833,-151.75,76.8,67,72,7.0
219,Kavieng,PG,2022-07-18 21:58:52,-2.5744,150.7967,82.9,76,100,11.99
220,Lincoln,US,2022-07-18 21:54:59,40.8,-96.667,93.27,54,0,8.01
221,Zhigansk,RU,2022-07-18 21:58:53,66.7697,123.3711,52.03,81,100,14.94
222,San Clemente,US,2022-07-18 21:54:50,33.427,-117.612,102.27,72,17,5.01
223,Talnakh,RU,2022-07-18 21:58:54,69.4865,88.3972,56.21,61,93,3.87
224,Khilok,RU,2022-07-18 21:58:55,51.3674,110.4676,61.32,63,65,4.18
225,Buala,SB,2022-07-18 21:58:55,-8.145,159.5921,83.25,68,28,6.04
226,Isiro,CD,2022-07-18 21:59:55,2.7739,27.616,66.74,99,100,3.15
227,Vila Do Maio,CV,2022-07-18 21:59:56,15.1333,-23.2167,75.99,84,100,15.79
228,Katobu,ID,2022-07-18 21:59:56,-4.9408,122.5276,73.04,92,81,3.56
229,Arman,RU,2022-07-18 21:59:57,59.7,150.1667,57.02,84,100,3.76
230,King City,US,2022-07-18 21:59:57,36.2127,-121.126,103.24,12,15,1.48
231,Okha,RU,2022-07-18 21:59:58,53.5739,142.9478,53.73,97,98,15.32
232,Ruidoso,US,2022-07-18 21:59:58,33.3317,-105.673,91.76,20,0,13.8
233,Trairi,BR,2022-07-18 21:57:34,-3.2778,-39.2689,77.77,70,6,11.5
234,Kavaratti,IN,2022-07-18 21:59:59,10.5669,72.642,80.1,81,100,22.48
235,Bilibino,RU,2022-07-18 21:59:59,68.0546,166.4372,47.32,60,100,4.09
236,Broken Hill,AU,2022-07-18 22:00:00,-31.95,141.4333,38.66,72,5,6.78
237,Ulaanbaatar,MN,2022-07-18 21:58:22,47.9077,106.8832,69.93,35,75,6.71
238,Stony Mountain,CA,2022-07-18 22:00:00,50.0864,-97.2196,88.79,54,40,9.22
239,Urla,TR,2022-07-18 22:00:01,38.3229,26.764,79.2,56,0,17.43
240,Conceicao Da Barra,BR,2022-07-18 22:00:02,-18.5933,-39.7322,70.16,81,23,4.12
241,Izhma,RU,2022-07-18 22:00:03,65.0083,53.9113,61.36,76,47,3.94
242,Voznesenye,RU,2022-07-18 22:00:04,61.0106,35.4781,54.23,82,23,7.27
243,Shush,IR,2022-07-18 22:00:05,32.1942,48.2436,102.15,9,0,11.59
244,Tokmak,UA,2022-07-18 22:00:06,47.2514,35.7058,59.32,63,0,7.58
245,Yining,CN,2022-07-18 22:00:07,29.0361,114.5636,77.29,91,100,1.3
246,Demyansk,RU,2022-07-18 22:00:08,57.643,32.466,49.28,91,71,2.8
247,Henderson,US,2022-07-18 22:00:09,36.0397,-114.9819,106.81,24,40,18.41
248,Kargopol,RU,2022-07-18 22:00:10,61.5071,38.9456,55.13,75,99,4.81
249,Nuuk,GL,2022-07-18 22:00:10,64.1835,-51.7216,49.87,61,100,3.0
250,Vizinga,RU,2022-07-18 22:00:11,61.0749,50.1031,61.5,91,99,7.4
251,Babstovo,RU,2022-07-18 22:00:12,48.1167,132.4833,61.61,93,100,5.06
252,Pandamatenga,BW,2022-07-18 22:00:13,-18.5278,25.627,53.76,59,10,5.1
253,Yokadouma,CM,2022-07-18 22:00:14,3.5167,15.05,68.77,99,100,0.96
254,Matamoros,MX,2022-07-18 22:00:15,25.5333,-103.25,97.95,15,10,13.2
255,Nome,US,2022-07-18 22:00:16,64.5011,-165.4064,39.16,90,100,25.9
256,Nouadhibou,MR,2022-07-18 22:00:16,20.931,-17.0347,67.96,90,17,17.16
257,Grindavik,IS,2022-07-18 22:00:17,63.8424,-22.4338,52.27,87,75,4.61
258,Ponta Delgada,PT,2022-07-18 22:00:18,37.7333,-25.6667,70.52,94,75,2.3
259,Matagami,CA,2022-07-18 22:00:19,49.7502,-77.6328,77.5,54,88,7.29
260,Dongsheng,CN,2022-07-18 22:00:19,39.8161,109.9776,71.78,35,100,14.25
261,Chancay,PE,2022-07-18 22:00:20,-11.5714,-77.2672,63.23,80,66,7.74
262,Mattru,SL,2022-07-18 22:00:21,7.6244,-11.8332,73.02,95,98,4.92
263,Ereymentau,KZ,2022-07-18 22:00:22,51.6199,73.1033,64.0,51,79,4.76
264,Delta Del Tigre,UY,2022-07-18 22:00:23,-34.7633,-56.3853,46.51,75,53,5.12
265,Lagunas,PE,2022-07-18 22:00:23,-5.2269,-75.6753,80.67,78,52,2.17
266,Kupino,RU,2022-07-18 22:00:24,54.3663,77.2981,58.01,79,43,6.71
267,Cap Malheureux,MU,2022-07-18 22:00:25,-19.9842,57.6142,68.47,71,57,11.99
268,Barra Patuca,HN,2022-07-18 22:00:26,15.8,-84.2833,81.36,86,100,13.4
269,Hurghada,EG,2022-07-18 22:00:27,27.2574,33.8129,87.62,33,7,8.66
270,Leningradskiy,RU,2022-07-18 22:00:27,69.3833,178.4167,34.45,89,100,20.74
271,Rio Grande,BR,2022-07-18 21:57:23,-32.035,-52.0986,53.71,79,3,5.23
272,San Antero,CO,2022-07-18 22:00:28,9.3741,-75.7589,85.42,76,72,7.09
273,Ville-Marie,CA,2022-07-18 22:01:29,47.3335,-79.433,86.5,37,17,3.96
274,Butaritari,KI,2022-07-18 21:57:50,3.0707,172.7902,82.31,77,10,19.01
275,Dembi Dolo,ET,2022-07-18 22:01:29,8.5333,34.8,57.18,95,100,3.15
276,Marsa Matruh,EG,2022-07-18 22:01:30,31.3525,27.2453,76.98,77,0,12.88
277,Hovd,MN,2022-07-18 22:01:30,48.0056,91.6419,54.97,83,75,2.46
278,Casa Nova,BR,2022-07-18 22:01:31,-9.4167,-41.1333,81.45,39,7,14.67
279,Kloulklubed,PW,2022-07-18 22:01:31,7.0419,134.2556,82.51,69,89,1.95
280,Alice Springs,AU,2022-07-18 22:00:16,-23.7,133.8833,40.55,48,85,0.0
281,Port Blair,IN,2022-07-18 22:01:32,11.6667,92.75,80.94,84,99,7.7
282,Cascais,PT,2022-07-18 22:01:32,38.6979,-9.4215,70.47,73,20,14.0
283,Kidal,ML,2022-07-18 22:01:33,18.4411,1.4078,83.86,46,99,10.67
284,Christchurch,NZ,2022-07-18 21:58:35,-43.5333,172.6333,59.2,51,75,4.61
285,Potsdam,DE,2022-07-18 22:01:34,52.3989,13.0657,75.11,45,84,6.06
286,Mount Gambier,AU,2022-07-18 21:58:47,-37.8333,140.7667,35.51,100,75,0.0
287,Adrar,MR,2022-07-18 22:01:34,20.5022,-10.0711,99.03,15,65,4.81
288,Bay Roberts,CA,2022-07-18 22:01:35,47.5999,-53.2648,70.52,79,40,8.99
289,Mafeteng,LS,2022-07-18 22:01:35,-29.823,27.2374,43.12,47,0,3.91
290,Panaba,MX,2022-07-18 22:01:36,21.2833,-88.2667,89.67,52,73,16.53
291,Karaton,ID,2022-07-18 22:01:36,-6.3424,106.1045,72.86,95,37,1.25
292,Kruisfontein,ZA,2022-07-18 22:01:37,-34.0033,24.7314,57.88,93,55,1.59
293,Panacan,PH,2022-07-18 22:01:37,9.2463,118.4082,79.09,85,100,1.74
294,Tarakan,ID,2022-07-18 22:01:37,3.3,117.6333,77.88,81,100,5.46
295,Airai,TL,2022-07-18 22:01:38,-8.9266,125.4092,50.31,54,95,2.73
296,Lata,PT,2022-07-18 22:01:38,40.1629,-8.3327,59.92,96,4,1.52
297,Kalabo,ZM,2022-07-18 22:01:39,-14.97,22.6814,52.57,51,2,5.37
298,Alberdi,AR,2022-07-18 22:01:39,-32.8899,-60.6906,60.04,48,9,2.51
299,San Quintin,MX,2022-07-18 22:01:40,30.4833,-115.95,75.52,61,2,9.42
300,Vardo,NO,2022-07-18 21:59:24,70.3705,31.1107,53.58,87,28,4.61
301,Salekhard,RU,2022-07-18 22:01:40,66.53,66.6019,59.2,66,100,6.26
302,Sao Joao Da Barra,BR,2022-07-18 22:00:32,-21.6403,-41.0511,70.99,89,1,10.45
303,Castro,BR,2022-07-18 22:01:28,-24.7911,-50.0119,57.31,99,100,3.2
304,Tiarei,PF,2022-07-18 22:01:41,-17.5333,-149.3333,82.42,73,13,5.79
305,Skovorodino,RU,2022-07-18 22:01:42,53.9833,123.9167,65.75,91,64,0.81
306,Ginda,IN,2022-07-18 22:01:42,30.6945,78.4932,68.76,91,87,0.49
307,Opochka,RU,2022-07-18 22:01:43,56.7105,28.6617,51.93,91,67,3.83
308,Fort Dodge,US,2022-07-18 22:01:43,42.4975,-94.168,89.73,51,0,10.36
309,Goderich,CA,2022-07-18 22:01:35,43.7501,-81.7165,72.91,75,2,5.06
310,Caravelas,BR,2022-07-18 22:01:44,-17.7125,-39.2481,70.86,75,38,4.88
311,Manokwari,ID,2022-07-18 22:01:44,-0.8667,134.0833,78.73,75,74,1.5
312,Ferme-Neuve,CA,2022-07-18 22:01:45,46.7001,-75.4493,70.18,96,100,4.25
313,Norway,US,2022-07-18 22:01:45,45.7869,-87.9037,92.97,44,0,6.91
314,Gazanjyk,TM,2022-07-18 22:01:46,39.2446,55.5154,92.98,12,0,12.28
315,Quatre Cocos,MU,2022-07-18 22:01:46,-20.2078,57.7625,68.09,69,70,24.05
316,Yangcun,CN,2022-07-18 22:01:47,39.3639,117.0603,80.58,78,59,1.59
317,Wollongong,AU,2022-07-18 22:01:47,-34.4333,150.8833,49.08,69,40,14.41
318,Raudeberg,NO,2022-07-18 22:01:48,61.9875,5.1352,54.27,83,98,9.57
319,Dauphin,CA,2022-07-18 22:00:04,51.1494,-100.0502,80.46,64,15,6.55
320,Wodonga,AU,2022-07-18 22:01:48,-36.1167,146.8833,32.27,88,7,4.54
321,Oksfjord,NO,2022-07-18 22:01:49,70.2396,22.3479,53.67,99,100,5.46
322,Haines Junction,CA,2022-07-18 22:02:49,60.7522,-137.5108,56.53,60,95,6.98
323,Codrington,AU,2022-07-18 22:02:50,-38.2667,141.9667,46.6,72,100,4.85
324,Nanakuli,US,2022-07-18 22:02:50,21.3906,-158.1547,87.75,58,75,16.11
325,Kabare,CD,2022-07-18 21:59:13,-2.4683,28.8242,62.69,68,90,0.47
326,Valreas,FR,2022-07-18 22:02:51,44.3837,4.9908,78.67,59,45,2.68
327,Berdigestyakh,RU,2022-07-18 22:02:52,62.0989,126.6992,72.07,61,33,2.3
328,Barcelos,PT,2022-07-18 22:02:52,41.5388,-8.6151,69.85,94,13,4.88
329,Basco,PH,2022-07-18 22:02:53,20.4487,121.9702,84.88,79,67,14.54
330,Antofagasta,CL,2022-07-18 22:02:53,-23.65,-70.4,58.98,76,16,4.43
331,Cuajinicuilapa,MX,2022-07-18 22:02:53,16.4667,-98.4167,88.14,62,64,7.65
332,Nueve De Julio,AR,2022-07-18 22:02:54,-35.4444,-60.8831,47.1,41,41,4.34
333,Ambon,ID,2022-07-18 22:02:54,-3.6954,128.1814,75.24,16,75,3.44
334,Dargaville,NZ,2022-07-18 22:02:55,-35.9333,173.8833,59.76,82,96,10.47
335,Babusnica,RS,2022-07-18 22:02:55,43.0597,22.4117,58.96,51,63,3.67
336,Bayonet Point,US,2022-07-18 22:02:56,28.3267,-82.6834,92.14,76,4,4.0
337,Porto Nacional,BR,2022-07-18 22:02:56,-10.7081,-48.4172,79.79,28,3,3.78
338,Vanavara,RU,2022-07-18 22:02:57,60.34,102.2797,57.33,97,100,2.75
339,Hervey Bay,AU,2022-07-18 22:02:57,-25.2986,152.8535,61.47,71,48,10.78
340,Baculin,PH,2022-07-18 22:02:58,7.4525,126.5842,76.91,84,100,0.51
341,Back Mountain,US,2022-07-18 22:02:58,41.3359,-75.9963,80.17,86,100,9.64
342,Tera,NE,2022-07-18 22:02:59,14.0078,0.7531,76.66,76,100,15.23
343,Padang,ID,2022-07-18 22:00:28,-0.9492,100.3543,76.35,75,9,3.65
344,Predivinsk,RU,2022-07-18 22:03:00,57.0669,93.4378,54.9,95,100,9.08
345,Verkhovazhye,RU,2022-07-18 22:03:00,60.7472,42.0465,56.68,99,100,6.73
346,Oyama,JP,2022-07-18 22:03:01,36.3,139.8,83.59,76,100,4.03
347,Pecos,US,2022-07-18 22:01:08,31.4229,-103.4932,102.29,14,0,18.41
348,Svetlogorsk,BY,2022-07-18 22:03:01,52.6333,29.7333,57.6,80,87,6.08
349,Naze,JP,2022-07-18 22:02:26,28.3667,129.4833,80.73,87,100,16.58
350,Poronaysk,RU,2022-07-18 22:03:02,49.2167,143.1167,53.92,96,100,1.59
351,San Carlos De Bariloche,AR,2022-07-18 21:58:27,-41.1456,-71.3082,37.15,60,0,8.05
352,Clyde River,CA,2022-07-18 22:03:03,70.4692,-68.5914,40.5,80,52,5.03
353,Longyearbyen,SJ,2022-07-18 22:03:03,78.2186,15.6401,51.64,66,75,13.8
354,Bertoua,CM,2022-07-18 22:03:04,4.5833,13.6833,67.8,94,99,2.73
355,Annan,GB,2022-07-18 22:03:05,54.9884,-3.2565,71.08,60,54,3.98
356,Trat,TH,2022-07-18 22:03:05,12.5,102.5,82.9,92,99,1.83
357,Warrnambool,AU,2022-07-18 22:03:05,-38.3833,142.4833,48.42,62,100,11.1
358,Esik,KZ,2022-07-18 22:03:06,43.3552,77.4525,63.82,52,0,5.64
359,Alyangula,AU,2022-07-18 22:03:06,-13.8483,136.4192,69.04,78,83,7.56
360,Sahuaripa,MX,2022-07-18 22:03:07,29.05,-109.2333,96.04,39,33,2.73
361,Joshimath,IN,2022-07-18 22:03:07,30.5667,79.5667,72.57,92,81,1.14
362,Shache,CN,2022-07-18 22:03:08,38.4167,77.2406,79.72,15,0,5.41
363,Mazagao,BR,2022-07-18 22:03:08,-0.115,-51.2894,75.25,91,85,3.98
364,Sola,VU,2022-07-18 22:03:09,-13.8833,167.55,80.69,76,29,21.43
365,Port Augusta,AU,2022-07-18 22:03:09,-32.5,137.7667,39.83,77,3,4.45
366,Santa Cruz,BO,2022-07-18 22:00:04,-17.8,-63.1667,74.61,64,93,8.7
367,Necochea,AR,2022-07-18 22:00:13,-38.5473,-58.7368,43.38,75,8,9.66
368,Matara,LK,2022-07-18 22:04:11,5.9485,80.5353,79.18,84,64,14.65
369,Takestan,IR,2022-07-18 22:04:11,36.0696,49.6959,74.05,42,0,8.01
370,Pandan,PH,2022-07-18 22:04:12,14.0453,124.1694,79.2,87,15,4.0
371,Dzaoudzi,YT,2022-07-18 22:04:12,-12.7887,45.2699,73.29,78,100,6.91
372,Ligayan,PH,2022-07-18 22:04:13,4.6533,119.4706,82.38,76,100,7.7
373,Yar-Sale,RU,2022-07-18 22:04:13,66.8333,70.8333,56.1,63,82,7.81
374,Egvekinot,RU,2022-07-18 22:04:14,66.3167,-179.1667,44.22,52,100,12.66
375,Chara,RU,2022-07-18 22:04:15,56.9064,118.2631,58.42,86,93,1.79
376,Constitucion,CL,2022-07-18 22:03:16,-35.3333,-72.4167,50.68,89,90,9.84
377,Evensk,RU,2022-07-18 22:04:16,61.95,159.2333,51.19,95,100,9.51
378,Valparaiso,CL,2022-07-18 22:04:16,-33.0393,-71.6273,59.23,73,0,10.36
379,Dunedin,NZ,2022-07-18 22:04:16,-45.8742,170.5036,50.81,91,100,4.94
380,Manama,BH,2022-07-18 22:04:17,26.2154,50.5832,94.98,59,54,4.61
381,Aksarka,RU,2022-07-18 22:04:17,66.5606,67.7975,58.14,68,99,6.64
382,Monrovia,LR,2022-07-18 22:00:30,6.3005,-10.7969,76.39,78,95,15.17
383,Nyurba,RU,2022-07-18 22:04:18,63.2842,118.3319,63.7,78,72,6.76
384,Agaro,ET,2022-07-18 22:04:19,7.85,36.65,59.97,98,98,2.44
385,Sibolga,ID,2022-07-18 22:04:19,1.7427,98.7792,77.05,83,98,2.55
386,Ambilobe,MG,2022-07-18 22:04:20,-13.2,49.05,65.19,69,78,6.85
387,Diamantino,BR,2022-07-18 22:04:20,-14.4086,-56.4461,79.0,28,14,3.91
388,Batticaloa,LK,2022-07-18 22:04:21,7.7102,81.6924,79.3,86,84,6.87
389,Vicksburg,US,2022-07-18 22:04:21,32.3526,-90.8779,93.43,57,0,10.36
390,Ronneby,SE,2022-07-18 22:04:22,56.21,15.276,55.9,100,100,2.3
391,Jizan,SA,2022-07-18 22:00:15,17.3333,42.6667,87.48,52,91,5.14
392,Harper,LR,2022-07-18 22:04:23,4.375,-7.7169,74.75,76,84,9.98
393,Borovoy,RU,2022-07-18 22:04:23,55.4333,86.0833,54.68,94,0,8.95
394,Coolum Beach,AU,2022-07-18 22:04:24,-26.5333,153.1,59.11,62,98,8.99
395,Lasa,IT,2022-07-18 22:04:24,46.6166,10.7002,66.06,80,86,0.74
396,Laguna,US,2022-07-18 22:04:25,38.421,-121.4238,105.31,17,0,11.5
397,Iglas,IN,2022-07-18 22:04:25,27.7167,77.9333,91.98,52,35,4.99
398,Villarrica,PY,2022-07-18 22:04:26,-25.75,-56.4333,56.8,98,85,3.83
399,Beeville,US,2022-07-18 22:04:26,28.4008,-97.7483,100.29,36,0,16.11
400,Abu Kamal,SY,2022-07-18 22:04:27,34.4506,40.9171,91.08,17,0,2.51
401,Pavlogradka,RU,2022-07-18 22:04:27,54.2024,73.5592,58.62,75,13,8.37
402,Mezen,RU,2022-07-18 22:04:28,65.8522,44.24,56.86,85,100,5.21
403,Ravar,IR,2022-07-18 22:04:28,31.2656,56.8055,84.72,10,0,8.77
404,Bengkulu,ID,2022-07-18 22:04:29,-3.8004,102.2655,75.13,88,3,3.6
405,Ozu,JP,2022-07-18 22:04:30,33.5,132.55,76.62,96,100,6.49
406,Bhatkal,IN,2022-07-18 22:04:30,13.9667,74.5667,77.77,86,100,5.91
407,Myaundzha,RU,2022-07-18 22:04:30,63.0494,147.1858,70.14,70,95,7.49
408,Shurugwi,ZW,2022-07-18 22:04:31,-19.6702,30.0059,51.73,73,100,4.41
409,Suez,EG,2022-07-18 22:04:31,29.9737,32.5263,79.05,62,3,10.27
410,Londoko,RU,2022-07-18 22:05:32,49.0333,131.9833,60.57,97,100,0.98
411,Megion,RU,2022-07-18 22:05:32,61.0296,76.1136,55.42,70,100,8.21
412,Marawi,PH,2022-07-18 22:05:33,7.9986,124.2928,68.83,95,100,3.22
413,Komsomolskiy,UZ,2022-07-18 22:05:33,40.4272,71.7189,81.32,26,0,11.5
414,Champerico,GT,2022-07-18 22:05:34,14.3,-91.9167,93.74,71,57,6.8
415,Nerchinskiy Zavod,RU,2022-07-18 22:05:34,51.3088,119.61,61.84,86,47,1.97
416,Kununurra,AU,2022-07-18 22:05:35,-15.7667,128.7333,55.38,88,20,2.3
417,Vestmannaeyjar,IS,2022-07-18 22:05:35,63.4427,-20.2734,52.0,87,100,13.89
418,Plettenberg Bay,ZA,2022-07-18 22:05:36,-34.0527,23.3716,59.54,86,85,4.74
419,Muros,ES,2022-07-18 22:05:36,42.7762,-9.0603,67.08,79,14,9.95
420,Norman Wells,CA,2022-07-18 22:05:37,65.282,-126.8329,74.32,47,100,3.65
421,Touros,BR,2022-07-18 22:05:37,-5.1989,-35.4608,76.39,84,85,14.63
422,Khor,RU,2022-07-18 22:05:37,47.8861,134.9464,60.35,93,98,6.8
423,Iquique,CL,2022-07-18 22:01:14,-20.2208,-70.1431,61.83,79,54,7.23
424,Westport,US,2022-07-18 22:04:52,41.1415,-73.3579,80.85,97,75,6.91
425,Drayton Valley,CA,2022-07-18 22:05:39,53.2168,-114.9854,73.02,69,86,2.57
426,Sobolevo,RU,2022-07-18 22:05:39,54.4299,31.8996,55.36,87,94,5.95
427,Mahibadhoo,MV,2022-07-18 22:02:01,3.7833,72.9667,81.54,78,98,16.11
428,Surt,LY,2022-07-18 22:05:40,31.2089,16.5887,80.11,74,0,10.22
429,Pathein,MM,2022-07-18 22:05:41,16.7833,94.7333,79.05,91,100,4.32
430,Duncan,US,2022-07-18 22:00:49,34.5023,-97.9578,104.05,22,0,8.05
431,Cachoeirinha,BR,2022-07-18 22:03:15,-29.9511,-51.0939,57.96,82,0,3.44
432,Sao Raimundo Das Mangabeiras,BR,2022-07-18 22:05:42,-7.0219,-45.4811,81.77,33,55,4.41
433,Chkalovskoye,RU,2022-07-18 22:05:42,44.8392,133.0436,64.69,96,100,1.74
434,Jining,CN,2022-07-18 22:05:43,35.405,116.5814,76.68,82,82,3.51
435,Rundu,NA,2022-07-18 22:05:43,-17.9333,19.7667,50.95,42,0,5.14
436,Astana,KZ,2022-07-18 22:05:44,51.1801,71.446,57.15,94,35,0.0
437,Minsk,BY,2022-07-18 22:05:44,53.9,27.5667,58.75,97,100,9.73
438,Carutapera,BR,2022-07-18 22:05:45,-1.195,-46.02,77.92,84,77,8.59
439,Husavik,IS,2022-07-18 22:05:45,66.0449,-17.3389,51.24,80,81,3.33
440,Masty,BY,2022-07-18 22:05:45,53.4122,24.5387,57.06,97,100,8.37
441,Havre-Saint-Pierre,CA,2022-07-18 22:05:46,50.2334,-63.5986,61.21,89,81,16.08
442,Kralendijk,BQ,2022-07-18 22:05:46,12.15,-68.2667,84.18,70,0,24.16
443,Novoselytsya,UA,2022-07-18 22:05:47,48.2193,26.2653,61.18,56,41,2.66
444,Honningsvag,NO,2022-07-18 22:05:47,70.9821,25.9704,53.35,94,40,4.61
445,Sabha,LY,2022-07-18 22:05:48,27.0377,14.4283,84.69,29,0,23.4
446,Inuvik,CA,2022-07-18 22:05:48,68.3499,-133.7218,66.33,70,100,5.64
447,Batetskiy,RU,2022-07-18 22:05:49,58.6461,30.3027,50.43,80,41,3.89
448,Namtsy,RU,2022-07-18 22:05:49,62.7161,129.6658,75.56,59,12,6.38
449,Beringovskiy,RU,2022-07-18 22:05:50,63.05,179.3167,53.4,51,8,24.94
450,Tema,GH,2022-07-18 22:05:51,5.667,-0.0166,76.23,75,92,11.25
451,Meulaboh,ID,2022-07-18 22:05:51,4.1363,96.1285,75.47,87,73,4.65
452,Hamilton,US,2022-07-18 22:06:52,39.1834,-84.5333,84.99,67,40,5.75
453,Tarauaca,BR,2022-07-18 22:06:52,-8.1614,-70.7656,81.18,73,39,2.75
454,Weligama,LK,2022-07-18 22:06:53,5.9667,80.4167,79.23,84,69,15.21
455,Scottsbluff,US,2022-07-18 22:06:53,41.8666,-103.6672,108.72,20,0,9.22
456,Sayyan,YE,2022-07-18 22:06:54,15.1718,44.3244,66.61,42,98,3.11
457,Pacific Grove,US,2022-07-18 22:06:54,36.6177,-121.9166,76.33,77,0,12.66
458,Flin Flon,CA,2022-07-18 22:02:39,54.7682,-101.865,86.41,27,27,5.21
459,Lagos,NG,2022-07-18 22:05:02,6.5833,3.75,74.71,82,71,5.1
460,Turukhansk,RU,2022-07-18 22:06:55,65.8167,87.9833,57.18,68,100,10.83
461,Prince Rupert,CA,2022-07-18 22:02:43,54.3161,-130.3201,55.72,96,100,3.76
462,Maracaibo,VE,2022-07-18 22:06:56,10.6317,-71.6406,86.31,65,93,14.05
463,Uren,RU,2022-07-18 22:06:57,57.4552,45.7852,57.65,95,99,4.05
464,Aksu,CN,2022-07-18 22:06:57,41.1231,80.2644,78.19,27,11,3.6
465,Cabedelo,BR,2022-07-18 22:06:57,-6.9811,-34.8339,75.87,85,40,17.02
466,Caborca,MX,2022-07-18 22:06:58,30.5838,-111.101,96.6,36,3,13.44
467,Jacareacanga,BR,2022-07-18 22:06:58,-6.2222,-57.7528,83.26,49,38,2.28
468,Saint George,US,2022-07-18 22:02:45,37.1041,-113.5841,103.78,20,0,4.61
469,Andenes,NO,2022-07-18 22:06:59,69.3143,16.1194,51.78,93,75,3.44
470,Cockburn Town,TC,2022-07-18 22:07:00,21.4612,-71.1419,81.68,80,0,18.57
471,Paamiut,GL,2022-07-18 22:07:00,61.994,-49.6678,45.03,82,100,1.25
472,Sao Miguel Do Araguaia,BR,2022-07-18 22:07:00,-13.275,-50.1628,78.46,27,0,4.25
473,Malamig,PH,2022-07-18 22:07:01,12.95,121.3667,75.49,91,100,3.0
474,Ossora,RU,2022-07-18 22:07:01,59.2353,163.0719,62.4,82,88,6.51
475,Vila,PT,2022-07-18 22:02:11,42.0304,-8.1588,58.08,83,7,4.76
476,Portobelo,PA,2022-07-18 22:07:02,9.55,-79.65,83.1,84,86,0.47
477,Todos Santos,MX,2022-07-18 22:07:03,23.45,-110.2167,92.05,76,46,5.88
478,Sinnamary,GF,2022-07-18 22:07:03,5.3833,-52.95,78.82,85,29,8.7
479,Tsabong,BW,2022-07-18 22:07:04,-26.0217,22.401,56.73,40,0,11.27
480,Ancud,CL,2022-07-18 22:07:04,-41.8697,-73.8203,42.22,73,14,7.87
481,Saint-Georges,GD,2022-07-18 22:03:19,12.0564,-61.7485,80.17,79,7,14.09
482,Ballina,AU,2022-07-18 22:07:05,-28.8667,153.5667,53.02,99,35,9.26
483,Lamu,KE,2022-07-18 22:07:06,-2.2717,40.902,75.42,78,33,18.19
484,Huilong,CN,2022-07-18 22:07:06,31.8111,121.655,78.93,90,100,3.96
485,Manta,EC,2022-07-18 22:07:07,-0.95,-80.7333,73.53,79,98,11.92
486,Payo,ID,2022-07-18 22:07:07,-3.7508,103.6372,72.09,98,53,2.42
487,Margate,GB,2022-07-18 22:07:08,51.3813,1.3862,76.3,58,48,1.99
488,Teguise,ES,2022-07-18 22:07:08,29.0605,-13.564,70.02,78,20,25.32
489,Felanitx,ES,2022-07-18 22:07:09,39.4696,3.1483,82.96,63,0,3.69
490,Vao,NC,2022-07-18 22:06:18,-22.6667,167.4833,72.34,87,100,15.35
491,Saint-Leu,RE,2022-07-18 22:07:09,-21.15,55.2833,68.86,69,6,8.01
492,College,US,2022-07-18 22:07:10,64.8569,-147.8028,61.12,70,75,13.8
493,Hereford,GB,2022-07-18 22:07:10,52.0568,-2.7148,80.76,57,15,3.02
494,Fershampenuaz,RU,2022-07-18 22:07:11,53.5202,59.8117,62.13,89,0,7.36
495,Birao,CF,2022-07-18 22:07:11,10.2849,22.7882,71.37,93,92,3.78
496,Stephenville,US,2022-07-18 22:07:12,32.2207,-98.2023,108.16,17,0,12.66
497,Loukhi,RU,2022-07-18 22:07:12,66.0764,33.0381,55.24,87,96,3.6
498,Kamina,CD,2022-07-18 22:08:12,-8.7386,24.9906,64.83,43,82,3.24
499,Port Lincoln,AU,2022-07-18 22:08:13,-34.7333,135.8667,52.84,62,100,9.82
500,Jinchang,CN,2022-07-18 22:08:14,38.4953,102.1739,64.13,61,100,4.79
501,Wanning,CN,2022-07-18 22:08:14,18.8003,110.3967,81.72,91,96,9.33
502,Senador Jose Porfirio,BR,2022-07-18 22:08:15,-2.5908,-51.9542,81.32,71,71,2.98
503,Sur,OM,2022-07-18 22:08:15,22.5667,59.5289,84.7,87,38,5.12
504,Helong,CN,2022-07-18 22:08:16,42.5397,128.9972,65.34,95,47,1.66
505,Tarko-Sale,RU,2022-07-18 22:08:16,64.9225,77.785,58.42,61,99,9.78
506,Kieta,PG,2022-07-18 22:08:17,-6.2167,155.6333,81.93,73,47,3.74
507,Tshela,CD,2022-07-18 22:07:10,-4.9833,12.9333,65.71,93,44,1.59
508,Ihosy,MG,2022-07-18 22:08:17,-22.4,46.1167,58.5,90,75,11.5
509,Gberia Fotombu,SL,2022-07-18 22:08:18,9.8833,-11.1667,70.54,98,100,5.61
510,Ascension,US,2022-07-18 22:08:19,30.2169,-90.9001,91.62,71,40,0.0
511,Buenos Aires,AR,2022-07-18 22:04:23,-34.6132,-58.3772,56.95,49,0,4.61
512,Elko,US,2022-07-18 22:08:20,41.0002,-115.5012,95.02,20,64,21.99
513,Zhangjiakou,CN,2022-07-18 22:08:20,40.81,114.8794,68.76,40,98,3.49
514,Gravdal,NO,2022-07-18 22:08:21,68.1214,13.5031,52.65,80,79,7.27
515,Askiz,RU,2022-07-18 22:08:21,53.1319,90.5264,50.5,84,69,6.15
516,La Paz,BO,2022-07-18 22:05:14,-16.5,-68.15,55.38,35,40,9.22
517,Juba,SS,2022-07-18 22:08:22,4.8517,31.5825,69.71,98,100,5.28
518,El Alto,PE,2022-07-18 22:08:23,-4.2714,-81.2147,65.86,77,90,17.18
519,Mamakan,RU,2022-07-18 22:08:23,57.8161,114.0028,60.33,90,0,0.74
520,Northam,GB,2022-07-18 22:08:23,51.0333,-4.2167,70.66,41,44,7.61
521,Skibbereen,IE,2022-07-18 22:08:24,51.55,-9.2667,69.12,86,97,8.14
522,Shingu,JP,2022-07-18 22:08:24,33.7333,135.9833,80.26,86,100,7.96
523,Tura,IN,2022-07-18 22:08:25,25.5198,90.2201,74.26,97,98,5.39
524,Teknaf,BD,2022-07-18 22:08:25,20.8624,92.3058,79.92,90,97,4.45
525,Severobaykalsk,RU,2022-07-18 22:08:26,55.65,109.3167,59.61,56,19,6.46
526,Moussoro,TD,2022-07-18 22:08:26,13.6408,16.4901,83.71,57,24,10.85
527,Augusto Correa,BR,2022-07-18 22:08:27,-1.0217,-46.635,77.13,85,44,5.82
528,Arzgir,RU,2022-07-18 22:08:27,45.3728,44.2206,76.55,49,88,8.81
529,Krasnovishersk,RU,2022-07-18 22:08:28,60.4078,57.082,59.97,79,12,2.93
530,Shimoda,JP,2022-07-18 22:08:28,34.6667,138.95,78.1,93,100,16.28
531,Bloomington,US,2022-07-18 22:05:15,44.8408,-93.2983,97.41,49,20,9.22
532,Antsohihy,MG,2022-07-18 22:08:29,-14.8796,47.9875,69.1,57,6,9.48
533,Gejiu,CN,2022-07-18 22:08:29,23.306,103.1635,58.5,95,95,1.77
534,Methven,NZ,2022-07-18 22:08:30,-43.6333,171.65,45.01,99,100,5.01
535,Palmerston North,NZ,2022-07-18 22:08:30,-40.35,175.6167,60.04,78,96,9.53
536,Port Hardy,CA,2022-07-18 22:08:30,50.6996,-127.4199,57.25,87,100,4.16
537,Muswellbrook,AU,2022-07-18 22:08:31,-32.2667,150.9,43.32,88,54,0.89
538,Pokrovsk,UA,2022-07-18 22:08:31,48.282,37.1758,56.52,71,0,7.47
539,Falmouth,GB,2022-07-18 22:06:05,50.1544,-5.0711,79.7,64,0,17.27
540,Kupang,ID,2022-07-18 22:08:32,-10.1667,123.5833,69.24,81,53,10.45
541,Toora-Khem,RU,2022-07-18 22:08:32,52.4675,96.11,50.76,81,100,4.5
542,Opuwo,NA,2022-07-18 22:08:33,-18.0607,13.84,58.32,35,1,5.12
543,Pala,TD,2022-07-18 22:08:33,9.3642,14.9046,71.76,93,88,4.45
544,Bull Savanna,JM,2022-07-18 22:08:34,17.8868,-77.5902,82.22,72,88,12.48
545,Mims,US,2022-07-18 22:08:34,28.6653,-80.8448,92.17,86,40,5.75
546,Xiashi,CN,2022-07-18 22:09:35,30.5363,120.6864,80.62,94,100,3.53
547,Lanxi,CN,2022-07-18 22:09:35,29.2195,119.477,78.04,95,100,0.38
548,Raymondville,US,2022-07-18 22:09:36,26.4815,-97.7831,98.71,34,3,20.96
549,Camalu,MX,2022-07-18 22:09:36,30.85,-116.0667,77.38,58,0,8.95
550,Fare,PF,2022-07-18 22:09:36,-16.7,-151.0167,75.65,70,10,4.5
551,Hobyo,SO,2022-07-18 22:09:37,5.3505,48.5268,75.76,80,51,25.39
552,Bela,IN,2022-07-18 22:09:37,25.9333,81.9833,91.85,51,90,7.29
553,Masindi,UG,2022-07-18 22:09:38,1.6744,31.715,68.14,56,97,3.27
554,Lerdo,MX,2022-07-18 22:09:38,25.5333,-103.5333,96.67,19,40,12.66
