City_ID,City,Country,Date,Lat,Long,Max Temp,Humidity,Cloudiness,Wind Speed,Current Description
0,Berlevag,NO,2022-07-20 20:38:43,70.8578,29.0864,55.2,94,100,2.3,overcast clouds
1,Wuchang,CN,2022-07-20 20:38:43,44.9143,127.15,67.19,94,97,3.87,overcast clouds
2,Makakilo City,US,2022-07-20 20:38:43,21.3469,-158.0858,80.69,69,40,13.8,scattered clouds
3,Ushuaia,AR,2022-07-20 20:38:44,-54.8,-68.3,33.42,93,100,21.85,snow
4,Bethel,US,2022-07-20 20:35:49,41.3712,-73.414,98.02,50,20,8.05,few clouds
5,Uberlandia,BR,2022-07-20 20:38:45,-18.9186,-48.2772,79.81,27,0,10.36,clear sky
6,Nemuro,JP,2022-07-20 20:38:45,43.3236,145.575,57.56,91,64,8.77,broken clouds
7,Lingao,CN,2022-07-20 20:38:46,19.9103,109.6859,79.93,87,1,13.78,clear sky
8,Umm Kaddadah,SD,2022-07-20 20:38:46,13.6017,26.6876,85.57,46,27,8.7,light rain
9,Cape Town,ZA,2022-07-20 20:38:14,-33.9258,18.4232,53.11,65,0,3.44,clear sky
10,Tuktoyaktuk,CA,2022-07-20 20:38:47,69.4541,-133.0374,57.2,77,100,14.97,overcast clouds
11,New Norfolk,AU,2022-07-20 20:38:47,-42.7826,147.0587,34.92,89,5,2.44,clear sky
12,Tazmalt,DZ,2022-07-20 20:38:48,36.3868,4.3989,80.87,43,0,5.35,clear sky
13,Ilulissat,GL,2022-07-20 20:38:48,69.2167,-51.1,48.83,61,100,6.26,overcast clouds
14,Kruisfontein,ZA,2022-07-20 20:34:06,-34.0033,24.7314,54.88,91,95,4.05,overcast clouds
15,Royan,FR,2022-07-20 20:38:49,45.6285,-1.0281,67.84,87,1,7.65,clear sky
16,Puerto Ayora,EC,2022-07-20 20:38:50,-0.7393,-90.3518,80.56,99,92,8.99,light rain
17,Sitka,US,2022-07-20 20:38:50,57.0531,-135.33,53.49,87,100,9.22,light rain
18,Qaanaaq,GL,2022-07-20 20:38:50,77.484,-69.3632,41.09,80,100,3.53,overcast clouds
19,East London,ZA,2022-07-20 20:38:51,-33.0153,27.9116,61.97,83,95,4.54,light rain
20,Chokurdakh,RU,2022-07-20 20:38:51,70.6333,147.9167,43.5,71,89,9.19,overcast clouds
21,Chuy,UY,2022-07-20 20:38:52,-33.6971,-53.4616,56.43,94,0,6.15,clear sky
22,Byron Bay,AU,2022-07-20 20:38:52,-28.65,153.6167,55.94,74,100,16.2,light rain
23,Kapaa,US,2022-07-20 20:38:53,22.0752,-159.319,82.72,73,20,14.97,few clouds
24,Nikolskoye,RU,2022-07-20 20:38:53,59.7035,30.7861,69.87,65,100,9.51,overcast clouds
25,Marrakesh,MA,2022-07-20 20:38:54,31.6315,-8.0083,96.87,24,75,4.61,broken clouds
26,Victoria,HK,2022-07-20 20:37:34,22.2855,114.1577,86.38,85,21,8.99,few clouds
27,Filingue,NE,2022-07-20 20:38:54,14.3521,3.3168,91.08,43,73,9.71,broken clouds
28,Flin Flon,CA,2022-07-20 20:38:55,54.7682,-101.865,67.84,64,75,11.5,broken clouds
29,Rikitea,PF,2022-07-20 20:38:55,-23.1203,-134.9692,73.31,75,0,2.71,clear sky
30,Mount Isa,AU,2022-07-20 20:38:56,-20.7333,139.5,49.77,43,0,1.14,clear sky
31,Sasciori,RO,2022-07-20 20:38:56,45.8667,23.5833,70.11,47,0,4.56,clear sky
32,Beringovskiy,RU,2022-07-20 20:38:56,63.05,179.3167,43.02,74,100,17.96,overcast clouds
33,Thunder Bay,CA,2022-07-20 20:36:27,48.4001,-89.3168,71.58,83,100,13.8,overcast clouds
34,Waingapu,ID,2022-07-20 20:38:57,-9.6567,120.2641,70.63,83,15,8.23,few clouds
35,Tiksi,RU,2022-07-20 20:38:58,71.6872,128.8694,38.26,90,86,18.66,overcast clouds
36,Maldonado,UY,2022-07-20 20:35:16,-34.6667,-54.9167,61.23,89,9,8.28,clear sky
37,Butaritari,KI,2022-07-20 20:38:59,3.0707,172.7902,81.43,78,61,8.86,light rain
38,Aykhal,RU,2022-07-20 20:38:59,66.0,111.5,52.54,63,100,3.44,overcast clouds
39,Shache,CN,2022-07-20 20:38:59,38.4167,77.2406,77.25,19,0,7.94,clear sky
40,Mataura,NZ,2022-07-20 20:39:00,-46.1927,168.8643,39.47,91,100,2.48,overcast clouds
41,Port Alfred,ZA,2022-07-20 20:39:00,-33.5906,26.891,56.17,97,100,8.66,overcast clouds
42,Zhigalovo,RU,2022-07-20 20:39:01,54.8097,105.1578,51.51,95,100,0.72,overcast clouds
43,Asyut,EG,2022-07-20 20:39:01,27.181,31.1837,87.98,23,5,8.23,clear sky
44,Lompoc,US,2022-07-20 20:39:02,34.6391,-120.4579,95.02,65,0,12.66,clear sky
45,Narsaq,GL,2022-07-20 20:39:02,60.9167,-46.05,57.42,82,94,3.15,overcast clouds
46,Bluff,NZ,2022-07-20 20:39:03,-46.6,168.3333,39.79,68,100,7.43,overcast clouds
47,Port Keats,AU,2022-07-20 20:40:57,-14.25,129.55,66.74,51,93,5.86,overcast clouds
48,Hithadhoo,MV,2022-07-20 20:40:58,-0.6,73.0833,80.83,69,100,2.13,overcast clouds
49,Ribeira Grande,PT,2022-07-20 20:40:58,38.5167,-28.7,75.6,78,20,8.05,few clouds
50,Albany,US,2022-07-20 20:38:23,42.6001,-73.9662,96.03,46,51,3.96,broken clouds
51,Nago,JP,2022-07-20 20:40:59,26.5881,127.9761,82.98,89,96,9.75,overcast clouds
52,Camopi,GF,2022-07-20 20:41:00,3.1655,-52.3158,75.02,93,51,3.83,broken clouds
53,Sahuaripa,MX,2022-07-20 20:41:00,29.05,-109.2333,95.04,43,3,6.55,clear sky
54,Castro,BR,2022-07-20 20:41:01,-24.7911,-50.0119,61.99,83,2,4.27,clear sky
55,Iracoubo,GF,2022-07-20 20:41:01,5.4802,-53.2011,79.66,79,5,8.46,clear sky
56,Haveli,PK,2022-07-20 20:41:02,30.4502,73.6989,82.22,81,82,12.64,broken clouds
57,Da Nang,VN,2022-07-20 20:41:02,16.0678,108.2208,80.58,89,20,3.44,few clouds
58,Cherskiy,RU,2022-07-20 20:41:03,68.75,161.3,42.03,64,18,13.0,few clouds
59,Saint-Philippe,RE,2022-07-20 20:41:03,-21.3585,55.7679,69.39,80,44,13.82,scattered clouds
60,Sioux Lookout,CA,2022-07-20 20:41:04,50.1001,-91.917,77.07,57,75,12.66,broken clouds
61,Boshnyakovo,RU,2022-07-20 20:41:05,49.6333,142.1667,57.87,86,33,1.7,scattered clouds
62,Cidreira,BR,2022-07-20 20:41:06,-30.1811,-50.2056,61.57,91,0,15.73,clear sky
63,Toora-Khem,RU,2022-07-20 20:41:06,52.4675,96.11,44.62,89,6,0.89,clear sky
64,Ziniare,BF,2022-07-20 20:41:07,12.5822,-1.2983,78.84,70,31,7.38,scattered clouds
65,Punta Arenas,CL,2022-07-20 20:36:58,-53.15,-70.9167,35.62,80,75,24.16,light shower snow
66,Progreso,MX,2022-07-20 20:41:08,21.2833,-89.6667,98.11,67,2,18.01,clear sky
67,Sola,VU,2022-07-20 20:41:08,-13.8833,167.55,80.76,80,47,19.66,scattered clouds
68,Guerrero Negro,MX,2022-07-20 20:41:09,27.9769,-114.0611,84.29,42,16,14.9,few clouds
69,Coari,BR,2022-07-20 20:41:09,-4.085,-63.1414,84.16,59,93,1.83,light rain
70,Caravelas,BR,2022-07-20 20:41:10,-17.7125,-39.2481,71.44,77,2,6.64,clear sky
71,Shahpura,IN,2022-07-20 20:41:11,27.3833,75.9667,81.54,78,100,5.73,overcast clouds
72,Nchelenge,ZM,2022-07-20 20:41:11,-9.3451,28.734,72.54,53,99,5.37,overcast clouds
73,General Pico,AR,2022-07-20 20:41:12,-35.6566,-63.7568,61.25,41,21,5.41,few clouds
74,Dongsheng,CN,2022-07-20 20:41:12,39.8161,109.9776,68.88,46,4,6.69,clear sky
75,Faanui,PF,2022-07-20 20:41:13,-16.4833,-151.75,77.7,66,0,10.51,clear sky
76,Kununurra,AU,2022-07-20 20:41:13,-15.7667,128.7333,58.98,82,86,0.0,overcast clouds
77,Bambous Virieux,MU,2022-07-20 20:41:14,-20.3428,57.7575,68.25,73,75,12.66,light rain
78,Loten,NO,2022-07-20 20:41:15,60.8171,11.3376,64.49,68,99,3.67,overcast clouds
79,Anadyr,RU,2022-07-20 20:41:15,64.75,177.4833,44.49,70,20,8.95,few clouds
80,Kaitangata,NZ,2022-07-20 20:41:15,-46.2817,169.8464,41.16,82,100,6.44,overcast clouds
81,Hilo,US,2022-07-20 20:37:26,19.7297,-155.09,84.27,91,100,4.61,heavy intensity rain
82,Valparaiso,CL,2022-07-20 20:37:26,-33.0393,-71.6273,62.83,58,0,10.36,clear sky
83,Les Cayes,HT,2022-07-20 20:41:18,18.2,-73.75,86.23,60,1,11.39,clear sky
84,Olinda,BR,2022-07-20 20:41:19,-8.0089,-34.8553,74.93,94,100,9.22,mist
85,Vaini,TO,2022-07-20 20:39:21,-21.2,-175.2,73.56,88,20,8.05,few clouds
86,Half Moon Bay,US,2022-07-20 20:41:19,37.4636,-122.4286,84.06,66,20,18.41,few clouds
87,Kahului,US,2022-07-20 20:41:20,20.8947,-156.47,79.97,78,40,20.71,scattered clouds
88,Malazgirt,TR,2022-07-20 20:41:21,39.1427,42.5401,69.44,25,0,1.34,clear sky
89,Cabra,ES,2022-07-20 20:41:22,37.4725,-4.4421,83.62,26,0,6.71,clear sky
90,Port Elizabeth,ZA,2022-07-20 20:40:37,-33.918,25.5701,57.09,95,75,6.91,light intensity drizzle
91,Uvinza,TZ,2022-07-20 20:42:23,-5.1036,30.3911,68.4,49,5,1.23,clear sky
92,Aripuana,BR,2022-07-20 20:42:24,-9.1667,-60.6333,90.45,31,0,1.36,clear sky
93,Hermanus,ZA,2022-07-20 20:42:25,-34.4187,19.2345,43.81,67,1,3.36,clear sky
94,Kinablangan,PH,2022-07-20 20:42:26,7.6947,126.5503,77.95,83,98,4.18,overcast clouds
95,Nanortalik,GL,2022-07-20 20:42:26,60.1432,-45.2371,51.3,83,15,14.09,few clouds
96,Tasiilaq,GL,2022-07-20 20:42:27,65.6145,-37.6368,44.76,81,55,0.6,broken clouds
97,Ponta Do Sol,PT,2022-07-20 20:42:27,32.6667,-17.1,73.71,81,5,6.98,clear sky
98,Georgetown,MY,2022-07-20 20:39:08,5.4112,100.3354,80.89,95,20,5.01,few clouds
99,Sao Filipe,CV,2022-07-20 20:42:28,14.8961,-24.4956,76.57,88,81,5.95,broken clouds
100,Ambanja,MG,2022-07-20 20:42:28,-13.6833,48.45,66.11,67,31,3.8,scattered clouds
101,Lebu,CL,2022-07-20 20:42:29,-37.6167,-73.65,53.04,96,100,11.03,overcast clouds
102,Asau,RO,2022-07-20 20:42:29,46.4333,26.4,72.52,58,23,5.21,few clouds
103,Hurghada,EG,2022-07-20 20:39:30,27.2574,33.8129,93.24,22,0,5.75,clear sky
104,Galeana,MX,2022-07-20 20:42:30,24.8333,-100.0667,87.51,29,10,13.27,light rain
105,Busselton,AU,2022-07-20 20:42:30,-33.65,115.3333,55.83,94,100,12.66,light rain
106,Maniitsoq,GL,2022-07-20 20:42:31,65.4167,-52.9,45.41,98,100,16.67,moderate rain
107,Bulawayo,ZW,2022-07-20 20:42:32,-20.15,28.5833,57.79,54,75,6.67,broken clouds
108,Montepuez,MZ,2022-07-20 20:42:32,-13.1256,38.9997,60.3,92,0,5.64,clear sky
109,Kavieng,PG,2022-07-20 20:42:32,-2.5744,150.7967,81.16,79,90,11.01,light rain
110,Carnarvon,AU,2022-07-20 20:39:18,-24.8667,113.6333,70.59,79,23,14.63,few clouds
111,Yellowknife,CA,2022-07-20 20:40:46,62.456,-114.3525,66.72,52,75,16.11,broken clouds
112,Cabedelo,BR,2022-07-20 20:42:33,-6.9811,-34.8339,74.07,86,79,10.92,broken clouds
113,Vardo,NO,2022-07-20 20:42:34,70.3705,31.1107,51.78,100,100,0.0,overcast clouds
114,Kondopoga,RU,2022-07-20 20:38:02,62.2057,34.2614,67.69,77,2,9.42,clear sky
115,Thompson,CA,2022-07-20 20:42:18,55.7435,-97.8558,75.36,50,75,19.57,broken clouds
116,Avarua,CK,2022-07-20 20:42:35,-21.2078,-159.775,73.45,68,75,16.11,light rain
117,Velsk,RU,2022-07-20 20:42:35,61.0701,42.0983,53.42,97,30,6.53,scattered clouds
118,Bud,US,2022-07-20 20:42:36,39.447,-86.1758,94.42,61,4,14.74,clear sky
119,Severo-Kurilsk,RU,2022-07-20 20:38:58,50.6789,156.125,52.11,97,98,11.79,light rain
120,Cserkeszolo,HU,2022-07-20 20:42:37,46.8632,20.187,79.09,67,0,1.9,clear sky
121,Cockburn Town,TC,2022-07-20 20:42:37,21.4612,-71.1419,82.26,77,1,20.07,clear sky
122,Hobart,AU,2022-07-20 20:41:17,-42.8794,147.3294,35.26,94,0,8.05,clear sky
123,Bereda,ES,2022-07-20 20:42:38,43.2686,-7.5406,64.42,98,40,6.82,scattered clouds
124,Tura,IN,2022-07-20 20:42:38,25.5198,90.2201,74.5,97,100,5.44,light rain
125,Pevek,RU,2022-07-20 20:42:39,69.7008,170.3133,31.69,90,98,15.21,overcast clouds
126,Balsas,BR,2022-07-20 20:42:39,-7.5325,-46.0356,84.65,26,5,4.18,clear sky
127,Provideniya,RU,2022-07-20 20:41:48,64.3833,-173.3,46.51,76,75,24.61,broken clouds
128,Pangody,RU,2022-07-20 20:42:40,65.85,74.4859,54.1,57,100,11.1,overcast clouds
129,Viedma,AR,2022-07-20 20:42:40,-40.8135,-62.9967,63.99,42,82,24.81,broken clouds
130,Kawalu,ID,2022-07-20 20:42:41,-7.3817,108.2082,71.38,98,89,2.89,overcast clouds
131,Bogoslovka,RU,2022-07-20 20:42:41,53.2084,44.8013,60.73,80,100,6.11,overcast clouds
132,Thinadhoo,MV,2022-07-20 20:42:42,0.5333,72.9333,80.78,75,100,10.02,overcast clouds
133,Iqaluit,CA,2022-07-20 20:42:42,63.7506,-68.5145,49.73,81,75,3.44,broken clouds
134,Fort Nelson,CA,2022-07-20 20:41:56,58.8053,-122.7002,74.79,33,20,2.3,few clouds
135,Bryan,US,2022-07-20 20:41:43,30.6744,-96.37,105.69,34,0,16.11,clear sky
136,Abu Dhabi,AE,2022-07-20 20:41:43,24.4667,54.3667,95.11,62,0,5.75,clear sky
137,Mwene-Ditu,CD,2022-07-20 20:43:44,-7.0,23.45,73.42,40,6,4.07,clear sky
138,Saint-Pierre,RE,2022-07-20 20:43:44,-21.3393,55.4781,69.48,57,0,10.36,clear sky
139,Kautokeino,NO,2022-07-20 20:43:45,69.0125,23.0412,57.09,80,100,10.65,overcast clouds
140,Olafsvik,IS,2022-07-20 20:43:45,64.8945,-23.7142,50.99,75,83,11.03,broken clouds
141,Tuatapere,NZ,2022-07-20 20:43:46,-46.1333,167.6833,42.94,82,100,2.1,overcast clouds
142,Hay River,CA,2022-07-20 20:43:46,60.8156,-115.7999,62.58,77,100,12.66,overcast clouds
143,Shuya,RU,2022-07-20 20:39:05,56.8487,41.3883,54.91,95,99,2.53,overcast clouds
144,Matabungkay,PH,2022-07-20 20:43:47,13.9523,120.6198,80.49,82,88,6.53,overcast clouds
145,Namibe,AO,2022-07-20 20:43:48,-15.1961,12.1522,62.33,83,1,5.84,clear sky
146,Ndele,CF,2022-07-20 20:43:48,8.4109,20.6473,70.0,96,72,1.77,broken clouds
147,Calvinia,ZA,2022-07-20 20:43:48,-31.4707,19.776,43.61,73,0,3.0,clear sky
148,Cassia,BR,2022-07-20 20:43:49,-20.5831,-46.9219,72.07,46,0,4.25,clear sky
149,Mahebourg,MU,2022-07-20 20:43:49,-20.4081,57.7,68.29,73,75,12.66,broken clouds
150,Malayal,PH,2022-07-20 20:43:50,7.208,121.942,79.29,83,99,2.48,overcast clouds
151,Kodiak,US,2022-07-20 20:43:50,57.79,-152.4072,54.91,76,0,5.75,clear sky
152,Pangnirtung,CA,2022-07-20 20:43:51,66.1451,-65.7125,50.0,81,100,8.05,overcast clouds
153,Bredasdorp,ZA,2022-07-20 20:41:51,-34.5322,20.0403,45.81,87,1,4.76,clear sky
154,Abay,KZ,2022-07-20 20:43:51,49.6311,72.8539,70.18,57,64,5.93,broken clouds
155,Cayenne,GF,2022-07-20 20:39:06,4.9333,-52.3333,84.24,1,40,10.36,scattered clouds
156,Barrow,US,2022-07-20 20:43:52,71.2906,-156.7887,51.82,66,100,10.36,overcast clouds
157,Salo,IT,2022-07-20 20:43:52,45.6086,10.531,86.09,47,0,3.71,clear sky
158,Faya,SA,2022-07-20 20:43:53,18.3851,42.4509,68.11,61,100,7.05,overcast clouds
159,Shirpur,IN,2022-07-20 20:43:53,21.35,74.8833,77.5,85,87,13.71,light rain
160,Airai,TL,2022-07-20 20:43:35,-8.9266,125.4092,56.71,94,88,3.53,overcast clouds
161,Del Carmen,PH,2022-07-20 20:43:54,9.8694,125.9697,81.61,80,100,5.82,overcast clouds
162,Nabire,ID,2022-07-20 20:43:54,-3.3667,135.4833,73.08,92,82,4.45,broken clouds
163,Touros,BR,2022-07-20 20:43:55,-5.1989,-35.4608,75.78,81,84,11.92,broken clouds
164,Prince Rupert,CA,2022-07-20 20:43:56,54.3161,-130.3201,57.29,77,100,6.91,overcast clouds
165,Meadow Lake,US,2022-07-20 20:43:05,34.8014,-106.5436,100.4,36,86,10.65,overcast clouds
166,Robertsport,LR,2022-07-20 20:43:56,6.7533,-11.3686,76.33,81,100,15.88,light rain
167,Mount Gambier,AU,2022-07-20 20:43:57,-37.8333,140.7667,39.09,84,2,5.26,clear sky
168,Balancan,MX,2022-07-20 20:43:57,17.8,-91.5333,91.76,49,100,4.92,overcast clouds
169,Lafia,NG,2022-07-20 20:43:58,8.4833,8.5167,73.36,95,100,3.96,light rain
170,Waddan,LY,2022-07-20 20:43:58,29.1614,16.139,82.02,39,0,16.42,clear sky
171,Polunochnoye,RU,2022-07-20 20:43:59,60.8697,60.4153,56.84,98,100,6.04,light rain
172,Businga,CD,2022-07-20 20:43:59,3.3333,20.8833,69.91,98,73,0.92,light rain
173,Hasaki,JP,2022-07-20 20:44:00,35.7333,140.8333,75.6,82,99,8.32,overcast clouds
174,Kaura Namoda,NG,2022-07-20 20:44:00,12.5898,6.5779,76.59,78,100,6.8,moderate rain
175,Jamestown,US,2022-07-20 20:44:01,42.097,-79.2353,88.02,51,40,17.27,scattered clouds
176,San Patricio,US,2022-07-20 20:44:01,28.017,-97.5169,95.09,46,7,21.12,clear sky
177,Kristiinankaupunki,FI,2022-07-20 20:41:30,62.2743,21.376,59.81,74,100,7.58,overcast clouds
178,Boende,CD,2022-07-20 20:44:02,-0.2167,20.8667,75.31,81,54,1.21,broken clouds
179,Codrington,AU,2022-07-20 20:44:03,-38.2667,141.9667,37.76,83,0,7.87,clear sky
180,Namatanai,PG,2022-07-20 20:44:03,-3.6667,152.4333,79.0,79,94,6.33,overcast clouds
181,Srednekolymsk,RU,2022-07-20 20:45:04,67.45,153.6833,46.22,72,100,7.74,overcast clouds
182,Fortuna,US,2022-07-20 20:45:05,40.5982,-124.1573,68.94,72,36,4.0,scattered clouds
183,Nouadhibou,MR,2022-07-20 20:45:05,20.931,-17.0347,69.78,94,40,11.5,scattered clouds
184,Linhares,BR,2022-07-20 20:45:06,-19.3911,-40.0722,69.78,86,12,5.28,few clouds
185,Leningradskiy,RU,2022-07-20 20:45:07,69.3833,178.4167,33.15,98,100,18.77,snow
186,Mar Del Plata,AR,2022-07-20 20:45:08,-38.0023,-57.5575,62.62,48,0,16.11,clear sky
187,Muyezerskiy,RU,2022-07-20 20:45:08,63.9333,31.65,59.65,94,100,5.46,overcast clouds
188,Tezu,IN,2022-07-20 20:45:09,27.9167,96.1667,76.05,98,100,1.86,overcast clouds
189,Cuenca,EC,2022-07-20 20:40:33,-2.8833,-78.9833,64.53,48,75,10.36,broken clouds
190,Avera,US,2022-07-20 20:45:10,33.194,-82.5271,90.37,57,99,5.93,overcast clouds
191,Martapura,ID,2022-07-20 20:45:10,-3.4167,114.85,75.29,100,20,1.14,few clouds
192,Vostok,RU,2022-07-20 20:45:11,46.4856,135.8833,61.11,97,12,2.01,few clouds
193,Matamoros,MX,2022-07-20 20:44:15,25.5333,-103.25,100.83,13,1,4.97,clear sky
194,Mangrol,IN,2022-07-20 20:45:12,21.1167,70.1167,80.37,85,76,17.58,broken clouds
195,Arraial Do Cabo,BR,2022-07-20 20:45:13,-22.9661,-42.0278,73.26,78,20,8.05,few clouds
196,Quatre Cocos,MU,2022-07-20 20:45:14,-20.2078,57.7625,68.11,73,97,20.45,light rain
197,Mishan,CN,2022-07-20 20:45:14,45.55,131.8833,66.4,94,18,3.02,few clouds
198,Atuona,PF,2022-07-20 20:45:15,-9.8,-139.0333,77.77,74,9,15.12,clear sky
199,Praya,CV,2022-07-20 20:45:15,14.9215,-23.5087,79.34,83,40,6.91,scattered clouds
200,Rawlins,US,2022-07-20 20:45:16,41.7911,-107.2387,89.49,13,0,14.97,clear sky
201,Mawlaik,MM,2022-07-20 20:45:16,23.6333,94.4167,76.08,99,100,0.74,overcast clouds
202,Husavik,IS,2022-07-20 20:45:17,66.0449,-17.3389,45.75,89,100,6.58,overcast clouds
203,Lagoa,PT,2022-07-20 20:45:17,39.05,-27.9833,72.05,80,7,3.8,clear sky
204,Ust-Ilimsk,RU,2022-07-20 20:45:18,58.0006,102.6619,53.04,90,68,4.94,broken clouds
205,Bushehr,IR,2022-07-20 20:45:18,28.9684,50.8385,91.49,70,0,11.5,haze
206,Lumeje,AO,2022-07-20 20:45:19,-11.55,20.7833,65.39,33,2,5.44,clear sky
207,Tessalit,ML,2022-07-20 20:45:19,20.1986,1.0114,75.33,67,99,19.44,light rain
208,Kloulklubed,PW,2022-07-20 20:43:34,7.0419,134.2556,73.9,73,67,1.61,broken clouds
209,Te Anau,NZ,2022-07-20 20:45:20,-45.4167,167.7167,38.7,93,97,2.93,overcast clouds
210,Hai Duong,VN,2022-07-20 20:45:21,20.9333,106.3167,80.6,90,99,3.98,overcast clouds
211,Camacha,PT,2022-07-20 20:45:21,33.0833,-16.3333,69.22,73,75,10.36,broken clouds
212,Kamaishi,JP,2022-07-20 20:45:22,39.2667,141.8833,70.75,92,47,3.09,scattered clouds
213,Vestmannaeyjar,IS,2022-07-20 20:45:22,63.4427,-20.2734,54.79,78,60,14.54,broken clouds
214,Ketchikan,US,2022-07-20 20:44:42,55.3422,-131.6461,61.27,72,100,12.66,overcast clouds
215,Buritizeiro,BR,2022-07-20 20:45:23,-17.3511,-44.9622,75.18,34,1,2.55,clear sky
216,Santa Isabel Do Rio Negro,BR,2022-07-20 20:45:24,-0.4139,-65.0192,80.19,93,56,2.39,broken clouds
217,Tabou,CI,2022-07-20 20:45:25,4.423,-7.3528,75.49,72,99,7.96,overcast clouds
218,Laguna,US,2022-07-20 20:45:25,38.421,-121.4238,101.32,26,0,5.75,clear sky
219,Resistencia,AR,2022-07-20 20:45:16,-27.4606,-58.9839,84.25,54,0,12.66,clear sky
220,Upernavik,GL,2022-07-20 20:45:26,72.7868,-56.1549,47.97,70,82,8.52,broken clouds
221,Dondo,MZ,2022-07-20 20:45:26,-19.6094,34.7431,67.51,96,24,4.81,few clouds
222,Champerico,GT,2022-07-20 20:45:27,14.3,-91.9167,85.53,72,100,8.86,overcast clouds
223,Saldanha,ZA,2022-07-20 20:45:27,-33.0117,17.9442,41.05,63,0,11.25,clear sky
224,Ahipara,NZ,2022-07-20 20:45:28,-35.1667,173.1667,54.82,77,68,18.7,broken clouds
225,Sur,OM,2022-07-20 20:45:28,22.5667,59.5289,83.75,77,81,15.75,broken clouds
226,Saint Anthony,US,2022-07-20 20:46:29,45.0205,-93.218,88.9,34,0,23.02,clear sky
227,Poopo,BO,2022-07-20 20:46:29,-18.3667,-66.9667,63.37,13,70,6.89,broken clouds
228,Liling,CN,2022-07-20 20:46:30,27.6667,113.5,78.85,87,100,3.51,heavy intensity rain
229,Foumbot,CM,2022-07-20 20:46:30,5.5079,10.6356,64.67,97,100,2.84,light rain
230,Xinzhi,CN,2022-07-20 20:46:30,36.4989,111.7047,71.78,72,0,1.97,clear sky
231,Ganta,LR,2022-07-20 20:46:31,7.3022,-8.5308,68.41,98,100,2.28,overcast clouds
232,Dikson,RU,2022-07-20 20:46:31,73.5069,80.5464,41.59,73,11,24.58,few clouds
233,Varhaug,NO,2022-07-20 20:46:32,58.6147,5.6457,65.68,81,100,11.21,light rain
234,Envira,BR,2022-07-20 20:46:32,-7.3,-70.2167,89.83,38,5,2.59,clear sky
235,Norman Wells,CA,2022-07-20 20:46:33,65.282,-126.8329,73.44,38,20,4.61,few clouds
236,Taihe,CN,2022-07-20 20:46:33,30.8712,105.3845,76.24,82,98,0.29,overcast clouds
237,College,US,2022-07-20 20:46:34,64.8569,-147.8028,65.46,63,75,9.22,broken clouds
238,Constantine,DZ,2022-07-20 20:46:34,36.365,6.6147,78.21,53,20,9.22,few clouds
239,Crotone,IT,2022-07-20 20:46:35,39.0851,17.1178,80.19,52,0,4.21,clear sky
240,Tautira,PF,2022-07-20 20:46:35,-17.7333,-149.15,76.24,73,0,10.36,light rain
241,San Fernando,PH,2022-07-20 20:46:36,15.0286,120.6898,80.33,89,80,4.59,broken clouds
242,Benalla,AU,2022-07-20 20:46:36,-36.55,145.9833,37.99,73,25,5.7,scattered clouds
243,Boddam,GB,2022-07-20 20:46:37,57.4667,-1.7833,62.98,75,56,10.4,broken clouds
244,Haines Junction,CA,2022-07-20 20:46:37,60.7522,-137.5108,53.55,58,100,4.61,overcast clouds
245,Nampula,MZ,2022-07-20 20:46:38,-15.1165,39.2666,64.35,88,0,4.61,clear sky
246,Svay Rieng,KH,2022-07-20 20:46:38,11.0879,105.7993,76.57,89,100,8.12,moderate rain
247,Kutum,SD,2022-07-20 20:46:39,14.2,24.6667,75.2,62,96,9.98,light rain
248,Ostrovskoye,RU,2022-07-20 20:46:39,57.8057,42.2433,55.02,95,99,2.8,overcast clouds
249,Siilinjarvi,FI,2022-07-20 20:46:39,63.0833,27.6667,64.42,68,0,8.05,clear sky
250,Pochutla,MX,2022-07-20 20:46:40,15.7432,-96.4661,90.82,62,98,8.08,overcast clouds
251,Coahuayana,MX,2022-07-20 20:46:41,18.7333,-103.6833,94.5,51,55,7.29,broken clouds
252,Neiafu,TO,2022-07-20 20:46:41,-18.65,-173.9833,79.48,69,40,8.05,scattered clouds
253,Oron,NG,2022-07-20 20:46:42,4.8256,8.2343,74.5,90,100,5.32,light rain
254,Juruti,BR,2022-07-20 20:46:42,-2.1522,-56.0922,87.17,57,54,4.14,broken clouds
255,Hamilton,US,2022-07-20 20:42:38,39.1834,-84.5333,94.91,62,75,12.66,broken clouds
256,Ban Pong,TH,2022-07-20 20:46:43,13.8163,99.8774,76.21,92,100,3.65,light rain
257,Lorengau,PG,2022-07-20 20:46:43,-2.0226,147.2712,79.75,79,94,3.65,overcast clouds
258,Chifeng,CN,2022-07-20 20:46:44,42.2683,118.9636,68.34,83,100,1.66,light rain
259,Nagapattinam,IN,2022-07-20 20:46:44,10.7667,79.8333,82.04,76,29,8.3,scattered clouds
260,Ojinaga,MX,2022-07-20 20:46:45,29.5667,-104.4167,108.41,22,0,8.05,clear sky
261,Fowa,NG,2022-07-20 20:46:45,8.9167,6.4,75.72,70,100,2.53,overcast clouds
262,Erzin,TR,2022-07-20 20:46:46,36.9559,36.2,77.22,51,0,1.79,clear sky
263,Shimoda,JP,2022-07-20 20:46:46,34.6667,138.95,77.11,85,98,6.44,overcast clouds
264,Kaeo,NZ,2022-07-20 20:46:47,-35.1,173.7833,53.08,83,16,12.88,few clouds
265,Saskylakh,RU,2022-07-20 20:46:47,71.9167,114.0833,39.78,81,64,14.05,broken clouds
266,Baoro,CF,2022-07-20 20:46:47,5.6667,15.9667,68.49,98,100,2.73,light rain
267,Angoche,MZ,2022-07-20 20:46:48,-16.2325,39.9086,69.44,74,0,2.44,clear sky
268,Calbuco,CL,2022-07-20 20:46:48,-41.768,-73.1273,47.41,67,70,13.67,light rain
269,Humberto De Campos,BR,2022-07-20 20:46:49,-2.5983,-43.4611,77.63,81,45,5.23,scattered clouds
270,Torbay,CA,2022-07-20 20:43:19,47.6666,-52.7314,69.28,78,75,20.71,broken clouds
271,Vila Franca Do Campo,PT,2022-07-20 20:46:50,37.7167,-25.4333,72.01,81,55,1.88,broken clouds
272,Padang,ID,2022-07-20 20:46:50,-0.9492,100.3543,75.88,85,54,4.03,broken clouds
273,Gopalpur,IN,2022-07-20 20:46:50,19.2667,84.9167,83.62,78,100,4.81,overcast clouds
274,Broome,US,2022-07-20 20:46:51,42.2506,-75.833,94.08,52,24,14.0,few clouds
275,Pichayevo,RU,2022-07-20 20:47:52,53.2363,42.2032,56.7,95,100,6.35,light rain
276,Diamantino,BR,2022-07-20 20:47:52,-14.4086,-56.4461,87.62,25,100,4.85,overcast clouds
277,Poum,NC,2022-07-20 20:47:53,-20.2333,164.0167,75.81,85,100,7.87,overcast clouds
278,Marsaxlokk,MT,2022-07-20 20:47:53,35.8419,14.5431,82.08,69,0,3.44,clear sky
279,Raudeberg,NO,2022-07-20 20:47:54,61.9875,5.1352,56.07,95,100,7.76,overcast clouds
280,Nkhata Bay,MW,2022-07-20 20:47:54,-11.6066,34.2907,67.15,72,5,3.89,clear sky
281,Sao Joao Da Barra,BR,2022-07-20 20:47:55,-21.6403,-41.0511,75.29,86,11,11.32,few clouds
282,Chicama,PE,2022-07-20 20:47:55,-7.8447,-79.1469,63.14,60,2,9.13,clear sky
283,Stanceni,RO,2022-07-20 20:47:55,46.9833,25.2333,56.32,69,1,4.61,clear sky
284,Kiama,AU,2022-07-20 20:47:56,-34.6833,150.8667,59.0,96,100,12.95,light rain
285,Conde,BR,2022-07-20 20:47:56,-7.2597,-34.9075,72.86,94,75,10.36,broken clouds
286,Zhezkazgan,KZ,2022-07-20 20:47:57,47.8043,67.7144,81.84,38,90,2.51,overcast clouds
287,Stonewall,CA,2022-07-20 20:47:57,50.1344,-97.3268,82.08,60,10,16.4,clear sky
288,Petropavlovsk-Kamchatskiy,RU,2022-07-20 20:47:58,53.0452,158.6483,50.59,100,100,2.24,mist
289,Hami,CN,2022-07-20 20:47:34,42.8,93.45,63.59,62,8,1.99,clear sky
290,Dickson,US,2022-07-20 20:47:58,36.077,-87.3878,99.72,49,20,13.8,few clouds
291,Ashington,GB,2022-07-20 20:47:59,50.9331,-0.3909,70.41,86,60,1.99,broken clouds
292,Herat,AF,2022-07-20 20:47:59,34.5,62.0,82.2,15,0,25.01,clear sky
293,Portland,US,2022-07-20 20:43:55,45.5234,-122.6762,90.55,44,0,9.22,clear sky
294,Geraldton,AU,2022-07-20 20:48:00,-28.7667,114.6,68.41,94,100,18.41,overcast clouds
295,Salalah,OM,2022-07-20 20:48:01,17.0151,54.0924,77.09,100,100,3.44,drizzle
296,Nara,JP,2022-07-20 20:46:43,34.6851,135.8049,77.5,68,99,1.88,overcast clouds
297,Rio Gallegos,AR,2022-07-20 20:45:38,-51.6226,-69.2181,33.82,69,100,32.17,overcast clouds
298,Wenling,CN,2022-07-20 20:48:02,28.3669,121.36,79.07,95,78,8.77,broken clouds
299,Esperance,AU,2022-07-20 20:48:02,-33.8667,121.9,61.79,52,100,18.66,overcast clouds
300,Lichinga,MZ,2022-07-20 20:48:03,-13.3128,35.2406,57.29,82,20,12.66,few clouds
301,Yulara,AU,2022-07-20 20:48:03,-25.2406,130.9889,44.83,52,7,10.36,clear sky
302,Udala,ES,2022-07-20 20:48:04,43.0778,-2.5125,65.89,96,35,2.21,scattered clouds
303,Lazurne,UA,2022-07-20 20:48:04,46.084,32.5295,72.16,77,44,16.49,scattered clouds
304,Sompeta,IN,2022-07-20 20:48:05,18.9333,84.6,83.73,76,100,4.88,overcast clouds
305,Carnot,CF,2022-07-20 20:48:06,4.9409,15.8665,70.83,96,100,1.59,overcast clouds
306,Rosarito,MX,2022-07-20 20:48:06,32.3333,-117.0333,97.41,59,79,9.66,broken clouds
307,Pavino,RU,2022-07-20 20:48:07,59.1139,46.1414,50.97,94,80,3.98,broken clouds
308,Alappuzha,IN,2022-07-20 20:48:07,9.49,76.3264,78.01,87,100,15.03,overcast clouds
309,Ancud,CL,2022-07-20 20:45:47,-41.8697,-73.8203,40.23,65,82,13.56,broken clouds
310,Catamarca,AR,2022-07-20 20:43:43,-28.4696,-65.7852,68.49,36,86,4.12,overcast clouds
311,Pacific Grove,US,2022-07-20 20:46:32,36.6177,-121.9166,81.81,86,40,12.66,scattered clouds
312,Klaksvik,FO,2022-07-20 20:48:10,62.2266,-6.589,49.12,91,98,19.15,overcast clouds
313,Fare,PF,2022-07-20 20:48:11,-16.7,-151.0167,77.5,70,0,9.62,clear sky
314,Lasa,IT,2022-07-20 20:48:11,46.6166,10.7002,70.68,85,50,2.71,scattered clouds
315,San Quintin,MX,2022-07-20 20:48:12,30.4833,-115.95,75.78,63,73,13.94,broken clouds
316,Nedjo,ET,2022-07-20 20:48:12,9.5046,35.5019,56.91,99,100,0.58,light rain
317,Pasni,PK,2022-07-20 20:48:13,25.2631,63.471,82.76,83,100,11.68,overcast clouds
318,Kavaratti,IN,2022-07-20 20:48:13,10.5669,72.642,81.16,79,100,18.88,moderate rain
319,Kaset Sombun,TH,2022-07-20 20:48:14,16.2805,101.9542,76.01,95,100,2.73,light rain
320,Papillion,US,2022-07-20 20:49:14,41.1544,-96.0422,91.89,32,0,10.36,clear sky
321,Pryazha,RU,2022-07-20 20:49:15,61.6926,33.6216,67.24,82,33,8.03,scattered clouds
322,Nyurba,RU,2022-07-20 20:49:16,63.2842,118.3319,56.19,97,100,3.96,light rain
323,Aklavik,CA,2022-07-20 20:49:16,68.2191,-135.0107,62.6,72,75,3.44,broken clouds
324,Finschhafen,PG,2022-07-20 20:49:17,-6.6024,147.8681,78.17,82,64,3.51,broken clouds
325,Mehamn,NO,2022-07-20 20:49:17,71.0357,27.8492,53.55,100,0,0.0,clear sky
326,Souillac,MU,2022-07-20 20:49:18,-20.5167,57.5167,68.38,73,75,12.66,light rain
327,Bengkulu,ID,2022-07-20 20:49:18,-3.8004,102.2655,75.81,90,63,2.95,broken clouds
328,Batagay-Alyta,RU,2022-07-20 20:49:19,67.8006,130.4114,40.17,82,100,0.89,overcast clouds
329,Kantemirovka,RU,2022-07-20 20:49:19,49.7089,39.8592,60.21,90,100,10.45,light rain
330,Ramsgate,GB,2022-07-20 20:49:20,51.3358,1.4155,71.65,74,32,3.0,scattered clouds
331,Asfi,MA,2022-07-20 20:49:20,32.2994,-9.2372,77.72,60,100,18.48,overcast clouds
332,Chapais,CA,2022-07-20 20:47:45,49.7834,-74.8492,73.18,40,81,3.56,broken clouds
333,Pentecoste,BR,2022-07-20 20:49:21,-3.7928,-39.2703,80.35,45,50,6.17,scattered clouds
334,Nicoya,CR,2022-07-20 20:49:22,10.1483,-85.452,80.44,86,100,5.5,overcast clouds
335,Lulea,SE,2022-07-20 20:49:22,65.5842,22.1547,62.67,77,0,5.75,clear sky
336,Muncar,ID,2022-07-20 20:49:23,-8.4333,114.3333,74.32,83,91,4.03,overcast clouds
337,Iisalmi,FI,2022-07-20 20:49:23,63.5592,27.1907,53.69,86,39,4.36,scattered clouds
338,Iaciara,BR,2022-07-20 20:49:24,-14.0958,-46.6317,79.18,31,5,4.59,clear sky
339,Dafeng,CN,2022-07-20 20:49:24,23.4517,108.5881,77.52,91,99,2.57,overcast clouds
340,Novyy Urengoy,RU,2022-07-20 20:49:25,66.0833,76.6333,51.75,65,79,11.54,broken clouds
341,Kjollefjord,NO,2022-07-20 20:49:25,70.9457,27.3465,53.42,100,0,0.0,clear sky
342,Mokhsogollokh,RU,2022-07-20 20:49:26,61.4681,128.9203,67.66,94,93,1.68,overcast clouds
343,La Ronge,CA,2022-07-20 20:49:26,55.1001,-105.2842,70.05,43,75,20.71,broken clouds
344,Los Llanos De Aridane,ES,2022-07-20 20:49:27,28.6585,-17.9182,69.55,83,11,16.11,few clouds
345,Damietta,EG,2022-07-20 20:49:27,31.4165,31.8133,82.29,73,0,14.58,clear sky
346,Changji,CN,2022-07-20 20:49:28,44.0167,87.3167,72.39,37,0,8.95,clear sky
347,Acarau,BR,2022-07-20 20:49:28,-2.8856,-40.12,78.8,72,81,14.05,broken clouds
348,Pokhara,NP,2022-07-20 20:49:28,28.2333,83.9833,72.01,92,100,1.39,heavy intensity rain
349,Belyy Yar,RU,2022-07-20 20:49:29,53.6039,91.3903,53.85,90,0,4.47,clear sky
350,Kirakira,SB,2022-07-20 20:44:30,-10.4544,161.9205,80.89,79,74,7.07,broken clouds
351,Flinders,AU,2022-07-20 20:49:30,-34.5833,150.8552,50.18,93,100,4.0,light rain
352,Santa Lucia,ES,2022-07-20 20:44:41,27.9117,-15.5407,67.32,73,0,27.63,clear sky
353,Okhotsk,RU,2022-07-20 20:49:31,59.3833,143.3,59.31,93,100,4.27,overcast clouds
354,Prince George,CA,2022-07-20 20:47:52,53.9166,-122.753,75.25,48,75,10.36,broken clouds
355,Labuhan,ID,2022-07-20 20:49:31,-6.8844,112.2051,74.79,82,0,11.12,clear sky
356,Bairiki,KI,2022-07-20 20:49:32,1.3292,172.9752,80.6,89,75,4.61,broken clouds
357,Odesskoye,RU,2022-07-20 20:49:32,54.2111,72.9651,63.81,93,37,6.44,scattered clouds
358,Daru,PG,2022-07-20 20:49:33,-9.0763,143.2092,75.81,92,100,10.02,overcast clouds
359,Mercedes,AR,2022-07-20 20:49:33,-34.6515,-59.4307,64.04,63,31,5.88,scattered clouds
360,Watrous,CA,2022-07-20 20:49:33,51.6668,-105.4679,71.38,43,1,16.11,clear sky
361,Florianopolis,BR,2022-07-20 20:49:34,-27.6146,-48.5012,67.23,75,20,6.91,few clouds
362,Novi Seher,BA,2022-07-20 20:49:34,44.5103,18.0258,70.16,49,0,5.3,clear sky
363,Vegreville,CA,2022-07-20 20:49:35,53.5001,-112.0518,72.3,43,6,13.8,clear sky
364,Talnakh,RU,2022-07-20 20:49:35,69.4865,88.3972,52.21,71,100,5.84,overcast clouds
365,Madaoua,NE,2022-07-20 20:49:36,14.073,5.96,86.65,51,52,11.88,broken clouds
366,Moengo,SR,2022-07-20 20:50:36,5.6167,-54.4,79.41,84,47,4.63,scattered clouds
367,Mesyagutovo,RU,2022-07-20 20:50:37,55.5303,58.2528,53.22,93,57,5.3,broken clouds
368,Schonebeck,DE,2022-07-20 20:50:37,52.0167,11.75,82.13,30,28,10.85,scattered clouds
369,Khani,GE,2022-07-20 20:50:38,41.9563,42.9566,62.29,98,100,1.28,overcast clouds
370,Coro,VE,2022-07-20 20:50:38,11.4045,-69.6734,84.72,71,46,21.61,scattered clouds
371,Adrar,MR,2022-07-20 20:50:38,20.5022,-10.0711,95.85,18,19,11.54,few clouds
372,Karwar,IN,2022-07-20 20:50:39,14.8,74.1333,77.65,87,78,10.31,broken clouds
373,Pontevedra,ES,2022-07-20 20:50:39,42.431,-8.6444,76.1,78,0,7.85,clear sky
374,Gari,RU,2022-07-20 20:50:40,59.4307,62.3497,59.59,95,98,7.87,overcast clouds
375,Quepos,CR,2022-07-20 20:50:41,9.4236,-84.1652,77.67,92,100,1.25,overcast clouds
376,Troitskoye,RU,2022-07-20 20:50:41,52.9821,84.6757,57.79,66,100,8.14,overcast clouds
377,Rundu,NA,2022-07-20 20:50:42,-17.9333,19.7667,54.81,35,5,6.15,clear sky
378,Mazagao,BR,2022-07-20 20:50:42,-0.115,-51.2894,84.25,77,11,3.76,few clouds
379,Safaga,EG,2022-07-20 20:50:42,26.7292,33.9365,88.97,39,0,8.14,clear sky
380,Nome,US,2022-07-20 20:50:43,64.5011,-165.4064,46.47,87,100,16.11,moderate rain
381,Douentza,ML,2022-07-20 20:50:43,14.9951,-2.9517,87.39,53,100,12.62,overcast clouds
382,Kutulik,RU,2022-07-20 20:50:44,53.3508,102.7839,53.67,81,100,1.66,overcast clouds
383,Yar-Sale,RU,2022-07-20 20:50:44,66.8333,70.8333,49.33,78,3,10.65,clear sky
384,Santa Maria,BR,2022-07-20 20:50:45,-29.6842,-53.8069,63.7,82,0,6.91,clear sky
385,Ust-Nera,RU,2022-07-20 20:50:45,64.5667,143.2,58.06,74,98,9.26,overcast clouds
386,Arvika,SE,2022-07-20 20:50:46,59.6553,12.5852,75.81,58,100,3.83,overcast clouds
387,Sibu,MY,2022-07-20 20:50:46,2.3,111.8167,77.31,94,20,2.3,few clouds
388,Nizhnevartovsk,RU,2022-07-20 20:50:46,60.9344,76.5531,55.42,100,94,0.0,mist
389,Khatanga,RU,2022-07-20 20:50:47,71.9667,102.5,45.45,67,100,20.49,overcast clouds
390,Pedasi,PA,2022-07-20 20:50:47,7.5333,-80.0333,83.07,85,100,11.86,overcast clouds
391,Shitanjing,CN,2022-07-20 20:50:48,39.2342,106.3439,68.92,46,25,7.72,scattered clouds
392,Hofn,IS,2022-07-20 20:50:48,64.2539,-15.2082,52.61,74,100,6.02,overcast clouds
393,Salvacion,PH,2022-07-20 20:50:49,7.9833,126.1333,72.99,95,80,2.1,broken clouds
394,Seoul,KR,2022-07-20 20:47:59,37.5683,126.9778,71.2,97,100,12.66,light rain
395,Chimbote,PE,2022-07-20 20:50:50,-9.0853,-78.5783,66.07,72,9,11.14,clear sky
396,Lastoursville,GA,2022-07-20 20:50:50,-0.8143,12.7287,76.95,71,100,2.17,light rain
397,Formosa Do Rio Preto,BR,2022-07-20 20:50:51,-11.0483,-45.1931,77.47,27,1,4.45,clear sky
398,Platanos,GR,2022-07-20 20:50:51,37.6667,21.6167,72.25,49,0,5.41,clear sky
399,Brae,GB,2022-07-20 20:50:51,60.3964,-1.353,55.56,88,97,12.19,overcast clouds
400,Ankazoabo,MG,2022-07-20 20:50:52,-22.2833,44.5167,61.29,61,0,4.32,clear sky
401,Port Lincoln,AU,2022-07-20 20:50:52,-34.7333,135.8667,51.42,80,71,10.6,broken clouds
402,Presidente Medici,BR,2022-07-20 20:50:53,-11.1753,-61.9014,91.9,24,2,2.66,clear sky
403,Shyryayeve,UA,2022-07-20 20:50:53,47.3805,30.1964,72.5,54,59,16.71,broken clouds
404,Vao,NC,2022-07-20 20:50:54,-22.6667,167.4833,73.83,88,98,11.05,overcast clouds
405,Bilibino,RU,2022-07-20 20:50:54,68.0546,166.4372,46.22,65,95,3.15,overcast clouds
406,Grand Gaube,MU,2022-07-20 20:50:55,-20.0064,57.6608,68.4,76,94,7.0,light rain
407,Birin,NP,2022-07-20 20:50:55,26.8865,88.0718,63.07,96,100,3.87,overcast clouds
408,Rawson,AR,2022-07-20 20:48:21,-43.3002,-65.1023,48.72,47,100,23.53,overcast clouds
409,Leh,IN,2022-07-20 20:50:56,34.1667,77.5833,63.73,20,100,10.16,overcast clouds
410,Benghazi,LY,2022-07-20 20:50:56,32.1167,20.0667,77.95,66,0,11.27,clear sky
411,Malkangiri,IN,2022-07-20 20:50:57,18.35,81.9,76.55,91,100,2.17,overcast clouds
412,Dhidhdhoo,MV,2022-07-20 20:50:57,6.8833,73.1,79.95,80,100,19.95,overcast clouds
413,Port Macquarie,AU,2022-07-20 20:50:57,-31.4333,152.9167,53.49,100,75,3.44,broken clouds
414,Selenduma,RU,2022-07-20 20:51:58,50.9131,106.2406,53.06,79,86,2.82,overcast clouds
415,Alexandria,EG,2022-07-20 20:47:39,31.2156,29.9553,77.54,83,0,13.8,clear sky
416,Havoysund,NO,2022-07-20 20:51:59,70.9963,24.6622,52.03,86,52,10.16,broken clouds
417,Berlin,DE,2022-07-20 20:48:14,52.5244,13.4105,86.99,42,0,5.75,clear sky
418,Aleksandrovsk-Sakhalinskiy,RU,2022-07-20 20:51:59,50.8975,142.1561,58.32,89,92,8.21,overcast clouds
419,Yerbogachen,RU,2022-07-20 20:52:00,61.2767,108.0108,52.99,95,100,3.38,overcast clouds
420,Surovikino,RU,2022-07-20 20:52:00,48.6078,42.8486,73.08,37,94,3.47,overcast clouds
421,Aksarka,RU,2022-07-20 20:52:01,66.5606,67.7975,56.57,69,100,7.7,overcast clouds
422,Dalvik,IS,2022-07-20 20:49:28,65.9702,-18.5286,48.13,91,100,3.62,overcast clouds
423,Samana,DO,2022-07-20 20:52:01,19.2056,-69.3369,89.82,66,20,17.27,few clouds
424,Tres Arroyos,AR,2022-07-20 20:48:18,-38.3739,-60.2798,60.01,50,75,18.03,broken clouds
425,Carlsbad,US,2022-07-20 20:48:09,33.1581,-117.3506,101.26,68,0,9.22,clear sky
426,Sisimiut,GL,2022-07-20 20:52:02,66.9395,-53.6735,49.89,75,100,9.28,overcast clouds
427,Saint-Georges,GD,2022-07-20 20:52:03,12.0564,-61.7485,83.88,79,20,17.27,few clouds
428,Sao Felix Do Xingu,BR,2022-07-20 20:52:03,-6.6447,-51.995,85.59,39,14,1.21,few clouds
429,Moranbah,AU,2022-07-20 20:52:04,-22.0016,148.0466,57.16,97,38,11.12,scattered clouds
430,Caxito,AO,2022-07-20 20:52:04,-8.5785,13.6643,66.97,90,7,1.45,clear sky
431,Katsuura,JP,2022-07-20 20:52:05,35.1333,140.3,77.74,84,60,7.94,broken clouds
432,Ayan,RU,2022-07-20 20:52:05,56.45,138.1667,57.2,98,100,4.36,overcast clouds
433,Pardina,RO,2022-07-20 20:52:06,45.3064,28.9569,73.99,55,79,8.77,broken clouds
434,Northam,GB,2022-07-20 20:52:07,51.0333,-4.2167,63.39,78,11,13.44,few clouds
435,Treinta Y Tres,UY,2022-07-20 20:52:07,-33.2333,-54.3833,59.49,90,0,6.85,clear sky
436,Longyearbyen,SJ,2022-07-20 20:52:08,78.2186,15.6401,49.84,87,75,3.44,broken clouds
437,Abu Kamal,SY,2022-07-20 20:52:08,34.4506,40.9171,94.42,17,0,9.19,clear sky
438,Harstad,NO,2022-07-20 20:52:09,68.799,16.5293,58.39,98,72,8.01,broken clouds
439,Wahpeton,US,2022-07-20 20:52:09,46.2652,-96.6059,89.62,33,0,17.27,clear sky
440,Mizdah,LY,2022-07-20 20:52:10,31.4451,12.9801,77.14,52,12,15.21,few clouds
441,Severomuysk,RU,2022-07-20 20:52:10,56.1481,113.4267,52.38,95,100,5.66,moderate rain
442,Havelock,US,2022-07-20 20:52:11,34.8791,-76.9013,87.75,82,75,10.36,thunderstorm
443,Hirado,JP,2022-07-20 20:52:11,33.3597,129.5531,81.39,90,100,14.99,heavy intensity rain
444,Ostrovnoy,RU,2022-07-20 20:52:12,68.0531,39.5131,47.05,96,23,4.5,few clouds
445,La Spezia,IT,2022-07-20 20:52:12,44.1105,9.8434,85.96,39,0,3.67,clear sky
446,Pietermaritzburg,ZA,2022-07-20 20:52:13,-29.6168,30.3928,51.69,89,96,2.04,overcast clouds
447,Minas,UY,2022-07-20 20:52:13,-34.3759,-55.2377,57.47,91,4,8.21,clear sky
448,Soyo,AO,2022-07-20 20:52:14,-6.1349,12.3689,70.63,88,55,8.46,broken clouds
449,Sobolevo,RU,2022-07-20 20:52:15,54.4299,31.8996,58.95,65,97,12.39,overcast clouds
450,Magadan,RU,2022-07-20 20:52:15,59.5667,150.8,57.94,85,51,0.67,broken clouds
451,Komsomolskiy,UZ,2022-07-20 20:52:16,40.4272,71.7189,79.52,36,0,6.91,clear sky
452,Sohag,EG,2022-07-20 20:52:16,26.557,31.6948,89.89,21,7,9.04,clear sky
453,Vidim,RU,2022-07-20 20:52:17,56.4088,103.1106,51.44,92,89,3.2,overcast clouds
454,Bubaque,GW,2022-07-20 20:52:17,11.2833,-15.8333,76.68,91,100,16.84,moderate rain
455,Maceio,BR,2022-07-20 20:52:18,-9.6658,-35.7353,76.44,88,100,9.22,mist
456,Karsiyang,IN,2022-07-20 20:52:19,26.8825,88.2773,61.63,98,100,4.21,overcast clouds
457,Bhola,BD,2022-07-20 20:52:19,22.6833,90.65,81.68,84,98,7.65,overcast clouds
458,Zabid,YE,2022-07-20 20:52:20,14.1951,43.3152,85.21,53,100,2.53,overcast clouds
459,Sosnovo-Ozerskoye,RU,2022-07-20 20:52:20,52.5249,111.5418,48.83,95,1,7.09,clear sky
460,Dolores Hidalgo,MX,2022-07-20 20:52:21,21.1561,-100.9308,86.79,22,88,7.45,overcast clouds
461,Santa Cruz,BO,2022-07-20 20:52:21,-17.8,-63.1667,86.05,39,7,18.41,clear sky
462,Ligayan,PH,2022-07-20 20:53:22,4.6533,119.4706,83.3,72,12,3.33,few clouds
463,Whitehorse,CA,2022-07-20 20:50:43,60.7161,-135.0538,54.37,63,100,10.36,overcast clouds
464,Hualmay,PE,2022-07-20 20:53:23,-11.0964,-77.6139,65.39,73,38,10.71,scattered clouds
465,Luderitz,NA,2022-07-20 20:53:23,-26.6481,15.1594,56.98,60,3,17.6,clear sky
466,Manokwari,ID,2022-07-20 20:53:24,-0.8667,134.0833,78.28,79,94,6.04,overcast clouds
467,Deputatskiy,RU,2022-07-20 20:53:22,69.3,139.9,36.66,92,91,4.65,overcast clouds
468,Mandalgovi,MN,2022-07-20 20:53:25,45.7625,106.2708,59.11,68,77,13.85,broken clouds
469,Port-Cartier,CA,2022-07-20 20:53:25,50.0334,-66.8654,79.75,42,10,12.17,clear sky
470,Yazman,PK,2022-07-20 20:53:25,29.1212,71.7446,93.49,55,20,20.58,few clouds
471,San Policarpo,PH,2022-07-20 20:53:26,12.1791,125.5072,82.09,79,89,4.83,light rain
472,Trincomalee,LK,2022-07-20 20:53:26,8.5711,81.2335,79.61,84,29,15.28,scattered clouds
473,Red Bluff,US,2022-07-20 20:50:25,40.1785,-122.2358,105.85,8,0,3.44,clear sky
474,Dajal,PK,2022-07-20 20:53:27,29.5577,70.3762,93.88,57,7,20.04,clear sky
475,Aguimes,ES,2022-07-20 20:53:27,27.9054,-15.4461,72.23,73,0,27.63,clear sky
476,Hohhot,CN,2022-07-20 20:53:28,40.8106,111.6522,61.09,72,0,4.47,clear sky
477,Cururupu,BR,2022-07-20 20:52:52,-1.8283,-44.8683,75.83,90,78,3.6,broken clouds
478,Moree,AU,2022-07-20 20:53:29,-29.4667,149.85,47.73,75,84,8.5,broken clouds
479,Dingle,PH,2022-07-20 20:53:29,10.9995,122.6711,76.53,88,73,1.79,moderate rain
480,Staryy Nadym,RU,2022-07-20 20:53:30,65.6118,72.6842,48.36,65,8,10.22,clear sky
481,Bafra,TR,2022-07-20 20:53:30,41.5678,35.9069,70.83,76,0,6.62,clear sky
482,Erbaa,TR,2022-07-20 20:53:31,40.6689,36.5675,61.99,94,66,3.4,broken clouds
483,Kota Kinabalu,MY,2022-07-20 20:53:31,5.9749,116.0724,75.18,88,20,5.01,few clouds
484,Zhangye,CN,2022-07-20 20:53:32,38.9342,100.4517,59.83,75,88,21.23,light rain
485,Peleduy,RU,2022-07-20 20:53:32,59.6289,112.7406,59.99,94,100,7.96,overcast clouds
486,San Luis,AR,2022-07-20 20:53:33,-33.295,-66.3356,62.33,35,0,10.47,clear sky
487,Gorom-Gorom,BF,2022-07-20 20:53:33,14.4439,-0.2361,85.91,53,100,14.12,overcast clouds
488,Inirida,CO,2022-07-20 20:53:34,3.8653,-67.9239,79.72,86,75,2.82,broken clouds
489,Carinhanha,BR,2022-07-20 20:53:34,-14.3047,-43.765,78.98,34,7,4.03,clear sky
490,Yokadouma,CM,2022-07-20 20:53:34,3.5167,15.05,69.4,97,100,1.59,light rain
491,Pitimbu,BR,2022-07-20 20:53:35,-7.4706,-34.8086,73.99,87,89,10.42,overcast clouds
492,Kilindoni,TZ,2022-07-20 20:53:35,-7.9139,39.6668,74.98,75,62,12.91,light rain
493,Forestville,US,2022-07-20 20:53:36,38.8451,-76.875,94.64,54,40,4.61,scattered clouds
494,Buraydah,SA,2022-07-20 20:53:36,26.326,43.975,97.25,9,7,8.55,clear sky
495,Terrace Bay,CA,2022-07-20 20:53:37,48.7834,-87.1,55.35,89,61,9.15,broken clouds
496,Coihaique,CL,2022-07-20 20:53:37,-45.5752,-72.0662,34.41,93,75,3.44,light snow
497,Redcliffe,AU,2022-07-20 20:53:38,-27.2307,153.0973,60.89,42,75,5.75,broken clouds
498,Lata,PT,2022-07-20 20:53:38,40.1629,-8.3327,62.26,84,0,2.35,clear sky
499,Dakar,SN,2022-07-20 20:53:39,14.6937,-17.4441,80.73,89,75,2.3,broken clouds
500,Egvekinot,RU,2022-07-20 20:53:39,66.3167,-179.1667,37.54,61,66,7.76,broken clouds
501,Hovd,MN,2022-07-20 20:53:40,48.0056,91.6419,55.2,56,7,3.8,clear sky
502,Ust-Tsilma,RU,2022-07-20 20:53:40,65.441,52.1498,60.49,73,23,5.19,few clouds
503,North Berwick,GB,2022-07-20 20:53:41,56.0583,-2.7229,62.91,90,13,1.14,few clouds
504,Bhinmal,IN,2022-07-20 20:53:41,25.0,72.25,82.58,81,100,16.53,overcast clouds
505,Akdepe,TM,2022-07-20 20:53:42,42.0551,59.3788,87.89,20,0,9.57,clear sky
506,Sawtell,AU,2022-07-20 20:53:42,-30.3833,153.1,53.19,93,75,8.05,broken clouds
507,Balikpapan,ID,2022-07-20 20:53:43,-1.2675,116.8289,77.99,100,40,2.3,scattered clouds
508,Balakhta,RU,2022-07-20 20:54:43,55.38,91.6,54.09,94,100,4.52,overcast clouds
509,Domoni,KM,2022-07-20 20:54:44,-12.2569,44.5319,73.69,75,0,4.47,clear sky
510,Itaituba,BR,2022-07-20 20:54:44,-4.2761,-55.9836,89.76,55,40,2.3,scattered clouds
511,Samarai,PG,2022-07-20 20:54:44,-10.6167,150.6667,80.17,80,16,10.09,few clouds
512,Kungurtug,RU,2022-07-20 20:54:45,50.5994,97.5228,46.58,80,100,0.69,overcast clouds
513,Mackenzie,CA,2022-07-20 20:54:45,55.2999,-123.1698,68.22,45,0,12.66,clear sky
514,Tecoanapa,MX,2022-07-20 20:54:46,16.5167,-98.75,86.63,66,100,8.12,overcast clouds
515,Axim,GH,2022-07-20 20:54:46,4.8699,-2.2405,74.01,71,63,6.73,broken clouds
516,Valea Crisului,RO,2022-07-20 20:54:47,45.9167,25.7667,68.54,62,6,0.36,clear sky
517,Grindavik,IS,2022-07-20 20:54:47,63.8424,-22.4338,51.75,87,40,16.11,scattered clouds
518,Kirkenes,NO,2022-07-20 20:54:48,69.7271,30.0458,56.35,88,75,0.0,broken clouds
519,Bend,US,2022-07-20 20:51:39,44.0582,-121.3153,95.14,17,0,7.0,clear sky
520,Iskateley,RU,2022-07-20 20:54:48,67.6803,53.1512,47.71,92,25,13.8,scattered clouds
521,Bossangoa,CF,2022-07-20 20:54:49,6.4926,17.4552,69.62,97,70,3.33,broken clouds
522,Saint-Augustin,CA,2022-07-20 20:54:49,51.226,-58.6502,56.66,88,100,15.43,overcast clouds
523,Bonavista,CA,2022-07-20 20:54:50,48.6499,-53.1147,62.37,84,100,24.34,overcast clouds
524,San Jose,US,2022-07-20 20:53:00,37.3394,-121.895,94.89,48,0,11.5,clear sky
525,Krasnoye,UA,2022-07-20 20:54:50,49.9145,24.6134,61.43,82,17,6.87,few clouds
526,Bathsheba,BB,2022-07-20 20:54:51,13.2167,-59.5167,86.61,95,40,17.27,scattered clouds
527,At-Bashi,KG,2022-07-20 20:54:51,41.1702,75.8106,58.08,36,0,6.44,clear sky
528,Beitbridge,ZW,2022-07-20 20:54:52,-22.2167,30.0,67.3,69,82,11.34,broken clouds
529,Helong,CN,2022-07-20 20:54:52,42.5397,128.9972,65.16,97,100,0.43,overcast clouds
530,Puerto El Triunfo,SV,2022-07-20 20:54:53,13.2833,-88.55,86.02,63,94,6.08,overcast clouds
531,Atasu,KZ,2022-07-20 20:54:53,48.6814,71.6433,78.71,42,95,7.27,overcast clouds
532,Pisco,PE,2022-07-20 20:54:53,-13.7,-76.2167,61.02,88,100,6.91,mist
533,Xuanhua,CN,2022-07-20 20:54:54,40.6103,115.0447,68.85,74,0,0.51,clear sky
534,Shingu,JP,2022-07-20 20:54:55,33.7333,135.9833,75.72,75,99,5.08,overcast clouds
535,Ilhabela,BR,2022-07-20 20:54:55,-23.7781,-45.3581,68.65,91,54,2.64,broken clouds
536,Gejiu,CN,2022-07-20 20:54:55,23.306,103.1635,58.19,96,100,3.44,overcast clouds
537,Porto Novo,BJ,2022-07-20 20:51:27,6.4965,2.6036,76.82,74,94,6.93,overcast clouds
538,Port Hedland,AU,2022-07-20 20:54:56,-20.3167,118.5667,53.65,76,0,3.44,clear sky
539,Acari,PE,2022-07-20 20:54:57,-15.4311,-74.6158,70.09,62,41,8.93,scattered clouds
540,Providencia,MX,2022-07-20 20:54:57,28.7167,-111.5833,104.2,39,0,12.08,clear sky
541,Energetik,RU,2022-07-20 20:54:58,51.7445,58.7934,58.71,69,51,6.82,broken clouds
542,Thanh Hoa,VN,2022-07-20 20:54:58,19.8,105.7667,77.74,91,100,0.76,overcast clouds
543,Svetlaya,RU,2022-07-20 20:54:59,46.5389,138.3297,60.51,91,89,7.56,overcast clouds
544,Salamanca,ES,2022-07-20 20:54:59,40.8333,-6.0,75.99,26,0,7.63,clear sky
545,Konstantinovka,RU,2022-07-20 20:55:00,49.6167,127.9833,65.41,92,2,2.59,clear sky
546,Praia,CV,2022-07-20 20:55:00,14.9215,-23.5087,79.34,83,40,6.91,scattered clouds
547,Crixas,BR,2022-07-20 20:53:11,-14.5489,-49.9692,81.95,23,2,4.41,clear sky
548,Rocha,UY,2022-07-20 20:55:01,-34.4833,-54.3333,55.65,91,2,7.65,clear sky
549,Yishui,CN,2022-07-20 20:55:02,35.7847,118.6281,68.18,92,53,1.97,broken clouds
550,Kurdzhinovo,RU,2022-07-20 20:55:02,43.9884,40.9552,60.42,97,64,3.04,broken clouds
551,Elliot,ZA,2022-07-20 20:54:17,-31.3333,27.85,45.82,72,39,5.08,scattered clouds
552,Piacenza,IT,2022-07-20 20:55:04,45.0468,9.6994,87.22,42,0,6.51,clear sky
553,Barranca,PE,2022-07-20 20:56:04,-10.75,-77.7667,65.37,71,18,10.83,few clouds
554,Nelspruit,ZA,2022-07-20 20:56:05,-25.4745,30.9703,64.69,63,41,0.0,scattered clouds
555,Krasnoselkup,RU,2022-07-20 20:52:03,65.7,82.4667,51.13,86,100,2.84,overcast clouds
556,Novobirilyussy,RU,2022-07-20 20:56:05,56.9514,90.6661,50.5,98,18,4.99,few clouds
557,Omsukchan,RU,2022-07-20 20:56:06,62.5333,155.8,49.59,37,98,7.49,overcast clouds
558,Buala,SB,2022-07-20 20:56:06,-8.145,159.5921,80.78,79,100,6.33,overcast clouds
559,Mounana,GA,2022-07-20 20:56:07,-1.4085,13.1586,74.3,75,100,3.8,light rain
560,Darnah,LY,2022-07-20 20:56:07,32.767,22.6367,76.05,68,0,25.12,clear sky
561,Chikwawa,MW,2022-07-20 20:56:08,-16.0335,34.8009,71.47,60,80,4.21,broken clouds
562,Caborca,MX,2022-07-20 20:56:08,30.5838,-111.101,91.63,44,3,6.71,clear sky
563,Alofi,NU,2022-07-20 20:55:57,-19.0595,-169.9187,75.09,78,75,11.5,broken clouds
564,Coolum Beach,AU,2022-07-20 20:56:09,-26.5333,153.1,63.1,82,100,17.67,light rain
565,Bukama,CD,2022-07-20 20:56:10,-9.2,25.85,79.32,37,85,2.3,overcast clouds
566,Osterburg,DE,2022-07-20 20:56:10,52.7833,11.7667,88.09,31,4,12.46,clear sky
567,Mareeba,AU,2022-07-20 20:56:11,-17.0,145.4333,65.12,90,5,2.3,clear sky
568,Hokitika,NZ,2022-07-20 20:56:11,-42.7167,170.9667,45.48,75,100,4.99,overcast clouds
569,Malanje,AO,2022-07-20 20:54:21,-9.5402,16.341,68.76,39,7,3.69,clear sky
570,Maragogi,BR,2022-07-20 20:56:12,-9.0122,-35.2225,74.48,89,43,11.92,scattered clouds
571,Ambon,ID,2022-07-20 20:56:12,-3.6954,128.1814,77.23,15,40,8.05,scattered clouds
572,Kupang,ID,2022-07-20 20:56:13,-10.1667,123.5833,74.23,87,93,9.17,overcast clouds
573,Moundou,TD,2022-07-20 20:56:14,8.5667,16.0833,71.85,95,98,2.89,light rain
574,Bilma,NE,2022-07-20 20:56:14,18.6853,12.9164,94.66,14,72,3.76,broken clouds
575,Helsinki,FI,2022-07-20 20:52:39,60.1695,24.9355,66.87,70,0,4.61,clear sky
576,Christchurch,NZ,2022-07-20 20:56:15,-43.5333,172.6333,41.2,93,100,23.02,moderate rain
577,Sabang,ID,2022-07-20 20:56:16,5.8933,95.3214,82.74,75,100,23.55,moderate rain
578,Talara,PE,2022-07-20 20:56:16,-4.5772,-81.2719,72.36,68,0,13.8,clear sky
579,Praia Da Vitoria,PT,2022-07-20 20:56:17,38.7333,-27.0667,73.76,83,20,3.98,few clouds
580,Sibolga,ID,2022-07-20 20:56:17,1.7427,98.7792,75.38,87,50,3.67,scattered clouds
581,Lipari,IT,2022-07-20 20:56:17,38.4674,14.954,80.33,68,0,4.79,clear sky
582,Huaiyuan,CN,2022-07-20 20:56:18,32.973,117.1995,71.01,97,81,3.85,broken clouds
583,Bograd,RU,2022-07-20 20:56:19,54.2344,90.8328,55.85,74,86,3.58,overcast clouds
584,Arman,RU,2022-07-20 20:56:19,59.7,150.1667,60.19,81,16,0.69,few clouds
585,Harper,LR,2022-07-20 20:52:25,4.375,-7.7169,75.42,71,99,8.12,overcast clouds
586,Izberbash,RU,2022-07-20 20:56:20,42.5696,47.8645,75.25,76,0,8.34,clear sky
587,Kuandian,CN,2022-07-20 20:56:20,40.7286,124.7847,65.95,95,100,3.62,overcast clouds
588,Leshukonskoye,RU,2022-07-20 20:56:21,64.8989,45.7622,63.21,66,64,3.15,broken clouds
589,Zhuhai,CN,2022-07-20 20:56:21,22.2769,113.5678,85.78,89,20,9.22,few clouds
590,Polignano A Mare,IT,2022-07-20 20:56:22,40.9959,17.2159,79.03,55,0,1.43,clear sky
591,Vila Velha,BR,2022-07-20 20:56:22,-20.3297,-40.2925,73.35,80,0,9.22,clear sky
592,Dunedin,NZ,2022-07-20 20:52:15,-45.8742,170.5036,42.8,78,100,10.0,overcast clouds
593,Swan Hill,AU,2022-07-20 20:56:23,-35.3378,143.5544,39.61,85,25,8.57,scattered clouds
594,Ko Samui,TH,2022-07-20 20:54:47,9.5357,99.9357,80.44,77,100,15.7,heavy intensity rain
595,Troina,IT,2022-07-20 20:56:24,37.7854,14.5985,64.92,63,0,1.16,clear sky
596,Boyabat,TR,2022-07-20 20:56:24,41.4689,34.7667,58.91,82,0,3.67,clear sky
597,Sorong,ID,2022-07-20 20:56:25,-0.8833,131.25,77.31,90,96,8.48,overcast clouds
598,Xining,CN,2022-07-20 20:56:25,36.6167,101.7667,55.15,69,96,2.68,moderate rain
599,Kuusamo,FI,2022-07-20 20:56:26,65.9667,29.1833,55.44,94,20,2.3,few clouds
600,Zabol,AF,2022-07-20 20:56:26,32.25,67.25,81.07,17,0,11.45,clear sky
601,Mosjoen,NO,2022-07-20 20:56:27,65.836,13.1908,59.41,94,75,5.01,broken clouds
602,Oga,IT,2022-07-20 20:57:27,46.4631,10.347,64.81,83,7,3.78,clear sky
603,Manadhoo,MV,2022-07-20 20:57:28,5.7667,73.3833,80.37,77,99,16.91,moderate rain
604,Arona,ES,2022-07-20 20:57:28,28.0996,-16.681,79.7,69,0,2.3,clear sky
605,Kogon,UZ,2022-07-20 20:57:29,39.7228,64.5517,82.44,30,0,9.22,clear sky
606,Marawi,PH,2022-07-20 20:54:42,7.9986,124.2928,69.64,94,46,3.56,scattered clouds
607,Aitape,PG,2022-07-20 20:57:30,-3.1374,142.3475,75.87,88,100,4.45,light rain
608,Slave Lake,CA,2022-07-20 20:57:11,55.2834,-114.769,71.58,46,0,14.97,clear sky
609,Constitucion,CL,2022-07-20 20:57:31,-35.3333,-72.4167,55.6,85,6,11.1,clear sky
610,La Libertad,EC,2022-07-20 20:57:31,-2.2333,-80.9,71.26,78,100,8.05,overcast clouds
611,Gurh,IN,2022-07-20 20:57:32,24.5167,81.5167,81.72,81,100,4.5,light rain
612,Meulaboh,ID,2022-07-20 20:57:32,4.1363,96.1285,75.47,86,99,4.47,overcast clouds
613,Oskaloosa,US,2022-07-20 20:57:33,41.2964,-92.6444,89.58,51,0,17.27,clear sky
614,Lazaro Cardenas,MX,2022-07-20 20:57:33,17.9583,-102.2,86.9,70,6,10.54,clear sky
615,Merritt,CA,2022-07-20 20:57:34,50.1123,-120.7942,85.23,24,5,5.44,clear sky
616,Jacqueville,CI,2022-07-20 20:57:34,5.2052,-4.4146,76.19,72,74,11.01,broken clouds
617,Palladam,IN,2022-07-20 20:57:35,10.9833,77.3,75.4,89,93,13.98,overcast clouds
618,Svetlogorsk,BY,2022-07-20 20:57:35,52.6333,29.7333,55.62,75,1,8.72,clear sky
619,San Andres,CO,2022-07-20 20:57:36,12.5847,-81.7006,86.02,70,75,13.8,broken clouds
620,Jauja,PE,2022-07-20 20:57:36,-11.7758,-75.4966,60.39,33,67,9.42,broken clouds
621,Togur,RU,2022-07-20 20:57:37,58.3631,82.8265,58.17,74,80,4.47,broken clouds
622,Riyadh,SA,2022-07-20 20:54:33,24.6877,46.7219,96.94,10,81,9.31,broken clouds
623,Bandarbeyla,SO,2022-07-20 20:57:37,9.4942,50.8122,73.98,88,79,27.16,broken clouds
624,Perth,AU,2022-07-20 20:55:26,-31.9333,115.8333,60.19,95,100,17.27,light rain
625,Loralai,PK,2022-07-20 20:57:38,30.3705,68.598,79.81,68,5,4.52,clear sky
626,Belle Glade,US,2022-07-20 20:57:39,26.6845,-80.6676,94.01,53,11,4.7,few clouds
627,Alekseyevka,RU,2022-07-20 20:57:39,50.6309,38.6903,57.7,93,100,11.21,overcast clouds
628,Necochea,AR,2022-07-20 20:57:39,-38.5473,-58.7368,58.95,55,28,17.4,scattered clouds
629,Tubmanburg,LR,2022-07-20 20:57:40,6.8708,-10.8172,71.42,94,100,3.49,light rain
630,Temyasovo,RU,2022-07-20 20:57:40,52.9933,58.1014,49.89,92,3,4.12,clear sky
631,Clyde River,CA,2022-07-20 20:57:41,70.4692,-68.5914,39.43,93,100,8.05,light rain
632,Deep River,CA,2022-07-20 20:57:41,46.1001,-77.4995,82.15,44,82,9.95,broken clouds
633,Sistranda,NO,2022-07-20 20:57:42,63.7256,8.834,57.16,97,100,6.02,light rain
634,Zhelyabovka,UA,2022-07-20 20:57:42,45.3988,34.7578,70.2,55,48,12.24,scattered clouds
635,Gushikawa,JP,2022-07-20 20:57:43,26.3544,127.8686,83.43,86,96,11.12,overcast clouds
636,Kikwit,CD,2022-07-20 20:57:43,-5.041,18.8162,80.1,50,33,1.59,scattered clouds
637,Muros,ES,2022-07-20 20:54:24,42.7762,-9.0603,69.1,78,5,12.26,clear sky
638,Coffs Harbour,AU,2022-07-20 20:57:44,-30.3,153.1333,53.13,93,75,8.05,broken clouds
639,Itupiranga,BR,2022-07-20 20:53:14,-5.1347,-49.3267,95.32,48,85,0.4,overcast clouds
640,Teguise,ES,2022-07-20 20:57:45,29.0605,-13.564,71.82,78,20,18.41,few clouds
641,Puerto Narino,CO,2022-07-20 20:57:45,-3.7703,-70.3831,77.95,89,88,1.61,overcast clouds
642,Katangli,RU,2022-07-20 20:57:46,51.7102,143.2326,52.99,99,100,9.4,moderate rain
643,Tuensang,IN,2022-07-20 20:57:46,26.2833,94.8333,70.99,99,100,1.72,overcast clouds
644,Gazojak,TM,2022-07-20 20:57:47,41.1875,61.4036,91.0,18,0,11.43,clear sky
645,Comodoro Rivadavia,AR,2022-07-20 20:58:47,-45.8667,-67.5,44.46,33,20,27.63,few clouds
646,Kaka,TM,2022-07-20 20:58:48,37.3482,59.6143,88.65,14,0,8.28,clear sky
647,Tyukhtet,RU,2022-07-20 20:58:48,56.5389,89.3011,50.88,97,40,4.99,scattered clouds
648,Antalaha,MG,2022-07-20 20:58:49,-14.9003,50.2788,67.3,85,45,10.65,light rain
649,Huarmey,PE,2022-07-20 20:58:49,-10.0681,-78.1522,66.94,72,1,10.92,clear sky
650,Jinchang,CN,2022-07-20 20:58:49,38.4953,102.1739,66.97,52,98,19.3,overcast clouds
651,Miranda De Ebro,ES,2022-07-20 20:55:23,42.6865,-2.947,66.65,91,0,3.83,clear sky
652,Naryan-Mar,RU,2022-07-20 20:58:50,67.6713,53.087,47.77,92,28,13.8,scattered clouds
653,Hambantota,LK,2022-07-20 20:58:51,6.1241,81.1185,78.35,85,98,17.6,overcast clouds
654,Araouane,ML,2022-07-20 20:58:51,18.9048,-3.5265,91.99,38,88,6.53,overcast clouds
655,West Wendover,US,2022-07-20 20:58:51,40.7391,-114.0733,92.35,20,20,8.41,few clouds
656,Dudinka,RU,2022-07-20 20:58:52,69.4058,86.1778,52.63,79,98,9.57,overcast clouds
657,Shiyan,CN,2022-07-20 20:58:52,32.6475,110.7781,69.98,97,50,1.52,scattered clouds
658,Balabac,PH,2022-07-20 20:58:53,7.9868,117.0645,81.21,78,78,5.93,broken clouds
659,Tiznit,MA,2022-07-20 20:58:53,29.5833,-9.5,91.4,23,57,2.04,broken clouds
660,Skegness,GB,2022-07-20 20:58:54,53.1436,0.3363,68.02,89,87,13.31,overcast clouds
661,Luoyang,CN,2022-07-20 20:58:54,34.6836,112.4536,72.14,75,0,3.62,clear sky
662,Tagusao,PH,2022-07-20 20:58:55,9.1924,117.8141,78.75,82,96,3.36,overcast clouds
663,Monrovia,LR,2022-07-20 20:58:55,6.3005,-10.7969,78.57,80,100,12.86,light rain
664,Bonthe,SL,2022-07-20 20:58:56,7.5264,-12.505,74.48,91,100,10.54,light rain
665,Henderson,US,2022-07-20 20:56:17,36.0397,-114.9819,112.32,14,100,8.34,overcast clouds
666,Mahibadhoo,MV,2022-07-20 20:58:56,3.7833,72.9667,79.72,78,100,13.02,overcast clouds
667,Nkowakowa,ZA,2022-07-20 20:58:57,-23.8878,30.2871,60.44,73,74,3.31,broken clouds
668,Kropachevo,RU,2022-07-20 20:58:57,55.0112,57.9896,50.34,94,31,4.5,scattered clouds
669,Mocuba,MZ,2022-07-20 20:58:44,-16.8392,36.9856,64.65,88,14,3.76,few clouds
670,Maisach,DE,2022-07-20 20:58:58,48.2167,11.2667,81.41,50,75,10.36,broken clouds
671,Baiyin,CN,2022-07-20 20:58:59,36.5583,104.2081,68.16,48,29,6.24,scattered clouds
672,Angoram,PG,2022-07-20 20:58:59,-4.0625,144.0661,72.91,99,100,1.66,overcast clouds
673,Lavrentiya,RU,2022-07-20 20:59:00,65.5833,-171.0,39.74,96,100,16.64,light rain
674,Goba,ET,2022-07-20 20:59:00,7.0167,39.9833,50.63,96,100,3.65,light rain
675,Pingliang,CN,2022-07-20 20:59:01,35.5392,106.6861,61.75,90,1,2.75,clear sky
676,Hasanpur,IN,2022-07-20 20:59:01,28.7167,78.2833,82.83,74,94,8.7,overcast clouds
677,Dharchula,IN,2022-07-20 20:59:02,29.85,80.5333,73.29,95,100,0.22,light rain
678,Mitu,CO,2022-07-20 20:59:02,1.1983,-70.1733,73.2,98,100,2.17,overcast clouds
679,Aswan,EG,2022-07-20 20:54:17,24.0934,32.907,92.52,20,1,14.85,clear sky
680,Josanicka Banja,RS,2022-07-20 20:59:03,43.3895,20.7503,63.7,50,0,1.9,clear sky
681,Amazar,RU,2022-07-20 20:59:04,53.858,120.875,60.22,96,13,0.94,few clouds
682,Inuvik,CA,2022-07-20 20:59:04,68.3499,-133.7218,65.26,53,75,8.05,broken clouds
683,Chernaya Kholunitsa,RU,2022-07-20 20:59:05,58.8511,51.7154,51.21,96,53,2.71,broken clouds
684,Mao,ES,2022-07-20 20:59:06,39.8885,4.2658,81.16,74,0,8.05,clear sky
685,Bairnsdale,AU,2022-07-20 20:59:06,-37.8333,147.6167,33.06,97,0,3.98,clear sky
686,Ventspils,LV,2022-07-20 20:59:07,57.3894,21.5606,57.13,100,0,0.0,clear sky
687,Itacare,BR,2022-07-20 20:59:07,-14.2775,-38.9967,73.11,77,60,9.95,broken clouds
688,Labytnangi,RU,2022-07-20 20:59:08,66.6572,66.4183,59.5,58,100,5.99,overcast clouds
689,San Vicente,AR,2022-07-20 20:59:08,-26.6167,-54.1333,66.74,86,9,3.09,clear sky
690,Coquimbo,CL,2022-07-20 20:59:09,-29.9533,-71.3436,55.13,82,100,3.44,overcast clouds
691,Awbari,LY,2022-07-20 20:59:09,26.5921,12.7805,85.24,20,0,6.02,clear sky
692,Hobbs,US,2022-07-20 21:00:10,32.7026,-103.136,102.81,13,0,13.8,clear sky
693,Tongren,CN,2022-07-20 21:00:11,27.7172,109.1853,75.7,97,99,3.42,overcast clouds
694,Bogorodsk,RU,2022-07-20 21:00:11,56.1033,43.5158,60.15,93,65,5.32,broken clouds
695,Rajanpur,PK,2022-07-20 21:00:12,29.1035,70.325,92.98,58,6,17.02,clear sky
696,Ulcinj,ME,2022-07-20 20:58:22,41.9294,19.2244,79.02,44,0,7.49,clear sky
697,Khotyn,UA,2022-07-20 21:00:14,48.4833,26.5,66.97,68,30,10.2,scattered clouds
698,Urumqi,CN,2022-07-20 21:00:15,43.801,87.6005,68.95,37,0,8.95,clear sky
699,Zwedru,LR,2022-07-20 21:00:16,6.0667,-8.1281,71.49,84,100,3.42,overcast clouds
700,Paptalaya,HN,2022-07-20 21:00:17,15.5,-84.3167,83.55,74,55,7.72,light rain
701,Gimbi,ET,2022-07-20 21:00:17,9.1667,35.8333,54.14,98,100,1.28,overcast clouds
702,Jalu,LY,2022-07-20 21:00:18,29.0331,21.5482,81.45,36,0,17.36,clear sky
703,Jiaocheng,CN,2022-07-20 21:00:20,24.6774,116.1389,75.79,96,72,1.74,broken clouds
704,Korcula,HR,2022-07-20 21:00:21,42.9622,17.1369,78.46,67,0,2.13,clear sky
705,Cordoba,AR,2022-07-20 20:58:44,-31.4135,-64.1811,74.25,30,0,9.22,clear sky
706,Mantua,IT,2022-07-20 21:00:23,45.1667,10.7833,87.04,61,0,1.99,clear sky
707,Altay,CN,2022-07-20 20:59:17,47.8667,88.1167,54.68,58,81,4.5,broken clouds
